行业代码,行业名称,窗口,样本数,q0.1,q0.25,q0.4,q0.5,q0.6,q0.75,q0.9,选用ε,备注
801983,医疗美容,5,167,-0.016786805898977096,-0.009347905741101736,-0.0050557184744770955,-0.0023886260760032758,0.0002565105854258916,0.0036009534248021163,0.012689934567382323,0.005145,
801983,医疗美容,10,162,-0.014557661598535245,-0.008217052673242266,-0.0035811560661249842,-0.0013613839054495422,0.0004352471713532723,0.0024091413455255423,0.008088104282507533,0.003635,
801983,医疗美容,30,142,-0.00724957892641324,-0.004735654819669659,-0.0024601426169961276,-0.0010981684030789366,-0.00019482887621433736,0.0014964047319327492,0.003663866536063932,0.002401,
801983,医疗美容,60,112,-0.0037581046293004654,-0.002222544224345567,-0.0017789944124726126,-0.0013995193842854124,-0.0007694847634410564,0.0007186225095489896,0.0016743018983102985,0.001635,
801983,医疗美容,90,82,-0.0019250615831133515,-0.001017953032322519,-0.0007380960400328577,-0.00042511478948951216,-0.00016744442388329288,0.0002698552221645464,0.0007649657086064838,0.000577,
801983,医疗美容,180,0,,,,,,,,,样本不足(<30)
801983,医疗美容,360,0,,,,,,,,,样本不足(<30)
801982,化妆品,5,396,-0.009385484132733326,-0.0046863872588615635,-0.0018148911404395668,0.00010551604651478855,0.0018663145076576227,0.004330897178658654,0.009104208538025144,0.003441,
801982,化妆品,10,391,-0.006509688817844396,-0.003351405740901151,-0.0015305965477856892,-0.00023398514739476981,0.000851535063965229,0.0026743366968309153,0.006120394481246984,0.002237,
801982,化妆品,30,371,-0.003821176555603487,-0.0020889431973451092,-0.0015374762477463927,-0.0005781849342555974,0.0007676823159659908,0.0014495950018183136,0.0026911015581663235,0.001623,
801982,化妆品,60,341,-0.0027196619612674527,-0.0016809605128335814,-0.0011609480426573572,-0.0007996165981586643,-2.1836398276395285e-05,0.0008281739128606214,0.0016857657142360946,0.001052,
801982,化妆品,90,311,-0.0020688657080933557,-0.001660037060635809,-0.0011569466986897704,-0.000687062034591102,-0.00019973593296280083,0.00022778841139752234,0.0010400995938044321,0.000811,
801982,化妆品,180,221,-0.0015438223988832826,-0.0012497797417961407,-0.000998754036517021,-0.0007622908803706463,-0.00044811806725270146,-0.0003420864443449865,0.0003421105926453932,0.000557,
801982,化妆品,360,41,-0.0007611581611482502,-0.0007198425106664948,-0.0006857847497458699,-0.0006517130614860608,-0.0006105065327544881,-0.0005510178904809043,-0.0004908004811538647,0.000611,
801981,个护用品,5,396,-0.009665297117584636,-0.00439613238076003,-0.0016702230843840737,8.53288195876044e-05,0.0017323025996032872,0.004680689007402589,0.009178021155632356,0.003534,
801981,个护用品,10,391,-0.00595431269071601,-0.002645895002591419,-0.0010664645369983755,0.00020748511254114753,0.001083465485004704,0.002888094334627082,0.0059506946193234305,0.002218,
801981,个护用品,30,371,-0.004857904357837694,-0.0018229169933051664,-0.0007515584505837074,-0.00018296577471843997,0.0004884042752602276,0.001701286435164708,0.0036993083558587683,0.00125,
801981,个护用品,60,341,-0.0038500660681120196,-0.0013427412342195758,-0.0008743950380701417,-0.0006393631060910363,4.015262620559508e-06,0.0005861195838450114,0.0029762797715458954,0.000904,
801981,个护用品,90,311,-0.0035285735037062535,-0.001329817314850551,-0.000609895467652967,-0.00040661334933184487,-0.0002318604178606601,-1.3657417301199648e-05,0.0007695388886769922,0.000452,
801981,个护用品,180,221,-0.001989294030705442,-0.0014562453801694646,-0.0006085081003972258,-0.0004308227590029454,-0.00037188678308611086,-0.00019769060984332708,0.00027571369267379725,0.00042,
801981,个护用品,360,41,-0.0008597008418439521,-0.0008068751196728676,-0.0007485088615878991,-0.0007013605650182689,-0.0006482451790014589,-0.0005628767727663614,-0.000482019169813588,0.000648,
801972,环保设备Ⅱ,5,396,-0.009394277389757962,-0.003716412296747498,-0.00023015660159510367,0.0013710093508121062,0.003097504198956888,0.0057055010299661485,0.009784947852344851,0.003923,
801972,环保设备Ⅱ,10,391,-0.006384008319600176,-0.0022746416106269596,0.00019852777319431418,0.0013654451827960167,0.0023298268234197973,0.004081640127747437,0.007164361547985986,0.002759,
801972,环保设备Ⅱ,30,371,-0.003270052849369268,-0.0012567781532990708,0.0005357436790189401,0.0011615740714327155,0.0019348268178032298,0.002766301212419048,0.003634961089473199,0.001893,
801972,环保设备Ⅱ,60,341,-0.0030708887459773306,-0.00012231484981973503,0.0005304431431221711,0.0011976428001152378,0.0015309509319531185,0.0021414720436261636,0.0030004350862634236,0.001466,
801972,环保设备Ⅱ,90,311,-0.001954070463876748,0.0003560441592371746,0.0009898770561985752,0.0013025152020817246,0.0015879377366449683,0.002036258174293847,0.0025294025806997175,0.001356,
801972,环保设备Ⅱ,180,221,0.0009002995709630725,0.0010934371548990663,0.0011568771708521217,0.0011708624774570203,0.0011934586502793717,0.0014919595137903462,0.0019921150749161996,0.001157,
801972,环保设备Ⅱ,360,41,0.0010486441851720574,0.0010868237410339735,0.0011177883320026558,0.0011424752413746165,0.0011661101377161917,0.0011922383427550667,0.0012397224181079733,0.001118,
801971,环境治理,5,396,-0.007103204349886098,-0.0031793841520085043,-0.00021481051899926933,0.0011094790756190753,0.0021551749942229203,0.004131624528857427,0.007068710612615289,0.002975,
801971,环境治理,10,391,-0.005377284411558264,-0.001890068081946048,3.1851011243925e-05,0.0010763417319938386,0.0019209267835068572,0.0029617296899196446,0.004560966363915244,0.002144,
801971,环境治理,30,371,-0.0030522241711600034,-0.001310272486832149,0.000374636536714115,0.0009027114333199298,0.0013547114341155243,0.0018260744413317472,0.0026998671891505185,0.001506,
801971,环境治理,60,341,-0.0016588543918776902,-0.00043967282226999293,-8.435622663389164e-05,0.00034522966681820727,0.0008420464188773736,0.0012833733122100878,0.0016978407446268764,0.000724,
801971,环境治理,90,311,-0.001770462952209754,1.5613343555405629e-06,0.0003287338431341701,0.0006113584132952076,0.0008172960583345003,0.001080654666192401,0.0013770307285981575,0.000817,
801971,环境治理,180,221,-0.00046880908916766066,0.00011133392577838673,0.0005298479049803001,0.0006055833862325893,0.0007418540036831862,0.00084944438396539,0.0010822916576408645,0.000568,
801971,环境治理,360,41,0.00028637675776044475,0.00031570198208001073,0.00034561811243960023,0.0003707194906340605,0.00039820113527159784,0.00043803256659299614,0.00048595779909749734,0.000346,
801963,炼化及贸易,5,396,-0.008840458672630258,-0.003459843514068849,-0.0005853789832997689,0.0005817696637703713,0.0019753513457357683,0.004575606781007157,0.009678798417949526,0.003099,
801963,炼化及贸易,10,391,-0.006247467612216602,-0.002183170409681791,-0.0005378133036826949,0.0006256887080390133,0.0018987324079953907,0.0035078417794236713,0.00679285960189055,0.002212,
801963,炼化及贸易,30,371,-0.002974156299732421,-0.0013818257894891908,6.733166976311243e-05,0.0006174615848274521,0.0010760496181222731,0.0026023038266945403,0.004208837311426836,0.00144,
801963,炼化及贸易,60,341,-0.002026607725326559,-0.0006564877956266895,0.0002681757696491062,0.0006610730186837342,0.000879768469813615,0.0017241170945099683,0.003186652542187472,0.000952,
801963,炼化及贸易,90,311,-0.0020157658341285033,-0.00014158400589481913,0.00040360403761478196,0.0006798130974319252,0.0007774206712835696,0.0012457315699715178,0.0027948600335855186,0.000772,
801963,炼化及贸易,180,221,-0.00016394582476741143,0.0003592577507460041,0.0006915899849438715,0.000859030533649493,0.001166996702475833,0.0016297730806291654,0.0018366973319156024,0.000692,
801963,炼化及贸易,360,41,0.0007578751749529349,0.0007605755091581029,0.0007637319242990833,0.0007664505314220607,0.000768223172471924,0.0007733020173676286,0.0007783180170190234,0.000764,
801962,油服工程,5,396,-0.013047834671460676,-0.005324711875267643,-0.0016853074608093933,0.0004787016440400796,0.002246819530020017,0.005522792450665817,0.01207474789216854,0.004147,
801962,油服工程,10,391,-0.008962063230665377,-0.0038313055786465726,-0.0008649460925456611,0.0002492779665074319,0.0016993818246316054,0.00375051811672271,0.008430952039384074,0.002923,
801962,油服工程,30,371,-0.005920180713944696,-0.0027228612676700624,-0.00032615307356837864,0.0006329688157514064,0.001267642372067803,0.0030627135070050897,0.006092098915297242,0.002208,
801962,油服工程,60,341,-0.005302266741637326,-0.0007169203675791238,-0.0001209139838209242,0.00034052879869993767,0.0010483804633517615,0.002234414612009507,0.0045965683319673795,0.001111,
801962,油服工程,90,311,-0.004358938321299001,-0.0003339987379410241,0.0005296915076585508,0.0008090527346195618,0.0010170918551562131,0.0017626073711476012,0.004670549144212792,0.001084,
801962,油服工程,180,221,-0.0005395379024163047,0.000776514562793965,0.0009108891884061507,0.0009466879081360924,0.0011132643092992933,0.0020264925719932748,0.0025086541081422663,0.000925,
801962,油服工程,360,41,0.000729212115047723,0.0007511090503960651,0.0007906813258945597,0.0008219774050011185,0.0008511052906052237,0.0008999950300769778,0.0009433685222125219,0.000791,
801961,油气开采Ⅱ,5,167,-0.00814672309518379,-0.004188843564473747,-0.0012748265940260386,0.000588142990126029,0.0017492910081668088,0.005428237991959132,0.01192828519962525,0.003896,
801961,油气开采Ⅱ,10,162,-0.004678546470318357,-0.002107172028662314,-0.00047451321716735395,0.00039913341647283953,0.0016468444188617408,0.004038896472985659,0.007430236676933793,0.002169,
801961,油气开采Ⅱ,30,142,-0.0023160010695761893,-0.0005392401560029646,0.0008450871370522164,0.0014278419954340056,0.0019336556812469799,0.003141504213541624,0.005434764457135302,0.001791,
801961,油气开采Ⅱ,60,112,-0.0003048456951211979,0.0010193540486507112,0.0017331025016347672,0.001935461484251841,0.002345540943450942,0.0035561991900255703,0.0042960058563730925,0.001733,
801961,油气开采Ⅱ,90,82,0.0013080157824349886,0.0018856456665623216,0.0023323122954744075,0.002631750948594234,0.002921263338413353,0.003214796001719006,0.0034339486820292595,0.002332,
801961,油气开采Ⅱ,180,0,,,,,,,,,样本不足(<30)
801961,油气开采Ⅱ,360,0,,,,,,,,,样本不足(<30)
801952,焦炭Ⅱ,5,396,-0.012213431565337173,-0.005631614903419075,-0.0017430643689401136,0.0004800103112406702,0.002603332332481768,0.006264539079664475,0.014004985569393922,0.004455,
801952,焦炭Ⅱ,10,391,-0.009032545640283541,-0.0031324615581419385,-0.0006253117058298982,0.0009138702164971226,0.002219280854536746,0.003979538065347231,0.008494935473705802,0.00299,
801952,焦炭Ⅱ,30,371,-0.006253394569390195,-0.002853185018103589,2.4547364875330847e-05,0.0010322686144614095,0.0016656937967342938,0.0029788983105853263,0.004590748098931661,0.002378,
801952,焦炭Ⅱ,60,341,-0.004405659114565922,-0.0022096822982246443,-0.001128154360458557,0.00044310726352360293,0.0013107993582622418,0.002147229148674181,0.0029998012048148134,0.001814,
801952,焦炭Ⅱ,90,311,-0.003878142183707284,-0.00145148358590891,-0.00012673880396113426,0.00035277991663676275,0.0008897081103012953,0.001760863175980869,0.0023220373281148767,0.001395,
801952,焦炭Ⅱ,180,221,-0.0020962391586457642,-0.001237569356312433,0.00039846166923978335,0.0010822383388868605,0.001434227261076648,0.0016203950430205062,0.0018664016260206788,0.001513,
801952,焦炭Ⅱ,360,41,5.758012337837238e-05,8.266581093191326e-05,0.00011091524016270743,0.00014806529469578756,0.00018956089216694158,0.00025761724250695107,0.0003260407278293509,0.000111,
801951,煤炭开采,5,396,-0.008285706646823553,-0.003886134021183626,-0.0016464116392020237,-9.807633523367686e-05,0.002074423345967223,0.004868184605981878,0.010273359657583163,0.003571,
801951,煤炭开采,10,391,-0.005382721308293449,-0.0024013029971574045,-0.0006838718508044527,0.0002682019279918241,0.0016400397780689394,0.003901738867397732,0.007284956041907445,0.002298,
801951,煤炭开采,30,371,-0.0023291757983953183,-0.0006761797156939521,0.00017146214762286426,0.0007180139991946324,0.0015009370557840917,0.002304634015623625,0.004262192354676791,0.001272,
801951,煤炭开采,60,341,-0.001099818786216973,-0.00027889766714254315,2.2848257237177965e-05,0.0004122534830093692,0.0007865227974040867,0.0017308557976568014,0.002933080491274206,0.000691,
801951,煤炭开采,90,311,-0.00030643446622514217,-4.508335637588084e-05,0.0004620879897160015,0.0006332075510801551,0.0008164389165424843,0.0014879239753364168,0.0021452598005006767,0.000577,
801951,煤炭开采,180,221,0.0008017778876191326,0.0008291702029906656,0.0008509299143753328,0.0008686472411676715,0.0009031025814374251,0.0012235627742402295,0.0012762508839748489,0.000851,
801951,煤炭开采,360,41,0.0008420389734693788,0.0008538807591267006,0.0008622850976688727,0.0008680621330146561,0.0008773623860889448,0.0009005113130196488,0.0009151901700402117,0.000862,
801102,通信设备,5,396,-0.013673203379524723,-0.0051316524962741385,0.000402898218611191,0.0027327850920949547,0.005975257708197687,0.01192324441616351,0.02236426579985444,0.006521,
801102,通信设备,10,391,-0.01012600286021834,-0.002214811870467055,0.001436542227951068,0.003522000931538821,0.005363438922894003,0.009216386884881227,0.015443089777839251,0.004932,
801102,通信设备,30,371,-0.006012333332725889,0.00028020349789715626,0.0014769278714469453,0.00267508460829803,0.005018226409554298,0.007772306111720301,0.010558424150719883,0.003525,
801102,通信设备,60,341,-0.004110914832706736,0.0011788455459940082,0.002657613301382522,0.004112122817634362,0.004991264203228833,0.00715862966301682,0.00953981883470436,0.004112,
801102,通信设备,90,311,-0.00016429494271714734,0.0027095835949928447,0.003116108621612195,0.003673265161282449,0.005051064598462585,0.0069950567333480086,0.008485455976241403,0.003149,
801102,通信设备,180,221,0.00345259480142492,0.0036673442817428243,0.00424113564416859,0.00464314176374506,0.004953402431655619,0.005445363323326073,0.0058311680463419705,0.004241,
801102,通信设备,360,41,0.00394602427390586,0.004042717916976512,0.004143199719383745,0.004205916826283459,0.00425562443609204,0.004320445420333113,0.004400793927678553,0.004143,
801223,通信服务,5,396,-0.01062011480485346,-0.003999121094909108,-0.0017596118798939204,-0.0001879802685487461,0.0008986946554222913,0.003885941233267357,0.009229515469954645,0.002988,
801223,通信服务,10,391,-0.006581184299612376,-0.0031624849747689102,-0.0015753108337755123,-0.0005131938356908244,0.00035583006543910207,0.002051602082909763,0.0056564397400163955,0.001991,
801223,通信服务,30,371,-0.003981181295876239,-0.0017798819664039947,-0.0006536335189358299,-0.00020696233288893125,0.00016708099503619348,0.0008710798752338534,0.002349395189288673,0.00096,
801223,通信服务,60,341,-0.0027512336818606904,-0.0010263587795227929,-0.0005797055535164937,-0.00022034624125366424,8.148961560713236e-05,0.00038648391233270387,0.000875297585188815,0.000583,
801223,通信服务,90,311,-0.0019877848469685697,-0.0010533328210991758,-0.0003981438730134347,-0.0001688628527327877,0.00014520243053120285,0.0003950037376518812,0.0005409535612851734,0.000431,
801223,通信服务,180,221,-0.0005823686618966809,-0.00034502576416264424,-9.840131529713394e-05,-6.357360134418981e-05,-4.6074132275016156e-05,-8.378223278381293e-06,0.00012212059335623996,6.7e-05,
801223,通信服务,360,41,-0.00026768107441292735,-0.0002588019600784139,-0.0002508019824985263,-0.00024870789055487526,-0.00024543429303794346,-0.00023929928530943285,-0.00023288705607740426,0.000245,
801995,电视广播Ⅱ,5,396,-0.011939289659234336,-0.00576671034319081,-0.0020319960620231122,0.00022910752723985333,0.0025772900654058946,0.005818429007201436,0.010438018879722365,0.004802,
801995,电视广播Ⅱ,10,391,-0.008165569611736902,-0.0038354149186574276,-0.0011941010822939314,2.381652734429555e-05,0.0011994597716843709,0.003435958668223116,0.00680381640640778,0.002682,
801995,电视广播Ⅱ,30,371,-0.005470561703822925,-0.0022548676371531226,-0.0004770651226136807,0.00041674119963739113,0.0009482414770046846,0.0018210141576491222,0.004215088102560909,0.001636,
801995,电视广播Ⅱ,60,341,-0.003637533349706581,-0.0018049636298633459,-0.00044658996916431673,-6.546902814090584e-05,0.0008284744597779059,0.0014662964593850942,0.0029205206278832816,0.001375,
801995,电视广播Ⅱ,90,311,-0.0030717488722043634,-0.0021699566366877344,-0.00046784393217596127,2.0013735982082654e-05,0.0007090200985398683,0.0014894096051167476,0.0024789110056689352,0.00129,
801995,电视广播Ⅱ,180,221,-0.001887153294432318,-0.0009516744351229883,-5.2660346730753146e-05,0.0005897449458278369,0.0011919299693893088,0.0014639406508768962,0.0015573824477630816,0.001255,
801995,电视广播Ⅱ,360,41,-2.8882626867936797e-05,1.0435629758618955e-05,4.367482415077404e-05,8.137467425044387e-05,0.0001241722602317806,0.00017290883148893342,0.00021599542087597006,5.5e-05,
801769,出版,5,396,-0.009474769524044625,-0.005391604187114474,-0.0026218543674359517,-0.0011673773603512582,0.0008166523101298325,0.004079229169171099,0.009174471665973774,0.003467,
801769,出版,10,391,-0.005703675394275474,-0.003913172602984488,-0.0018427501811261158,-0.0007949067719751755,0.0004684434901613733,0.002233394959931753,0.005613837688255054,0.002509,
801769,出版,30,371,-0.004010099248722761,-0.0023662556462384224,-0.0011580328637179524,2.8780359048191442e-05,0.0006950231503586142,0.0012485602546956037,0.0021754914848843795,0.001364,
801769,出版,60,341,-0.002254389590710764,-0.0011936051677712597,-0.0007664271674554889,-0.00044928155981807617,-0.00011288947784886976,0.0008844909120594076,0.0011438555371607792,0.000881,
801769,出版,90,311,-0.0025355481230868765,-0.0013067386736774138,-0.0003646631232642993,-0.00015515972739628303,9.5297486750965e-05,0.00047583882865434986,0.0008905148199809183,0.000529,
801769,出版,180,221,-0.0012768916597586586,-0.0006750162194173265,-0.00021406047240621887,-0.00018514618375902223,-3.2496697011296975e-05,2.190634692073469e-05,0.0002938253333202264,0.000203,
801769,出版,360,41,-0.00044894445996452963,-0.0004216798659162081,-0.0003921856428493805,-0.0003626004042317879,-0.0003371723375218348,-0.00031258507454125505,-0.0002982657280961229,0.000337,
801767,数字媒体,5,396,-0.013579684167362514,-0.00711602871492943,-0.002604443011419765,-0.00041519874185806286,0.0015348185019768716,0.004752134408276763,0.011867856971707792,0.004168,
801767,数字媒体,10,391,-0.008621816531894408,-0.005280666107677912,-0.002631054474114471,-0.0008893755193147929,0.0005804391270968477,0.002889479415961985,0.007195348238589495,0.003209,
801767,数字媒体,30,371,-0.005166143015734886,-0.003237267278786521,-0.0012665276740049427,-0.00040372223524886766,0.0005049460381743754,0.0016744440511481987,0.002847841469864448,0.001779,
801767,数字媒体,60,341,-0.003962255048417889,-0.0022537399145680405,-0.001052519591404025,-0.0005033640127323632,-1.048146837473978e-05,0.0011541995329170953,0.002066107237762563,0.001287,
801767,数字媒体,90,311,-0.002676118569915371,-0.0022109826972426666,-0.0009537925011446637,-0.0003162692194485568,0.00030088036897080953,0.0009532236782452588,0.0015347441070199081,0.001073,
801767,数字媒体,180,221,-0.001660570529376688,-0.0007943505248137206,-0.00012132345822712208,0.00012589626146048243,0.0003926567551238698,0.0005918989539037756,0.0009227819474437411,0.000554,
801767,数字媒体,360,41,-0.00026824862805535757,-0.0002633498535886386,-0.0002580321796633516,-0.00024039481378858435,-0.0002251102183531925,-0.00022182470755995068,-0.00021885574404261764,0.000225,
801766,影视院线,5,396,-0.014940974656075887,-0.0075780364758965876,-0.0023204376523422105,-3.717735403767767e-05,0.0024452545246717423,0.00618042076784072,0.013189905128270406,0.00533,
801766,影视院线,10,391,-0.010336955874315755,-0.0053672154881652,-0.00212743407170454,-0.00045057593779144865,0.001330366548471024,0.004218942394076693,0.007854639505545274,0.003685,
801766,影视院线,30,371,-0.005897099631768394,-0.0028805740159767307,-0.0006879706113819276,0.00014453223598843363,0.0007666011676413147,0.0018719142809561164,0.0028102500024736474,0.001647,
801766,影视院线,60,341,-0.004643432984380697,-0.002681841113619126,-0.0009845958147775532,-0.0006592635708171415,0.00031807185982050295,0.0011966475605111981,0.0020093317723409356,0.001221,
801766,影视院线,90,311,-0.0030812329058238054,-0.0024562576648521576,-0.0011276681361824029,-0.00042148570804702057,-8.129443981697792e-05,0.0007840417072316125,0.0018164766371980238,0.001181,
801766,影视院线,180,221,-0.002195939288330761,-0.0012387770484413364,-0.0004988152169538597,-0.00014692733799409903,0.00028580594279280474,0.0006195617866491157,0.0006941456038644631,0.000622,
801766,影视院线,360,41,-0.0005390575902037945,-0.0005151837161295505,-0.0004921559137344928,-0.000461035977793834,-0.00043166011658094466,-0.0004242316327869303,-0.00040760953402847646,0.000432,
801765,广告营销,5,396,-0.014194414694607596,-0.007348537998675932,-0.002498086529567223,0.00010021550003894554,0.0018223491265649482,0.00558933895683205,0.014339118521123066,0.004882,
801765,广告营销,10,391,-0.009743668665052536,-0.006129281769729108,-0.002739778767876207,-0.0005846354491994095,0.0012156960906566747,0.004252186554100637,0.008514018918149506,0.004054,
801765,广告营销,30,371,-0.006574433903278438,-0.0033938377100883087,-0.0013506861667867541,3.4887466025976686e-05,0.0011322312769401462,0.002508928850457871,0.005106330508034843,0.002353,
801765,广告营销,60,341,-0.004789809811457903,-0.0015508070951959657,-0.0005281253889014589,0.00031908704565400826,0.000975633616920586,0.0013838514918931737,0.0037508948808417965,0.001227,
801765,广告营销,90,311,-0.0030120789555020283,-0.0023925524717782086,-6.30760463840702e-05,0.00026440261686355834,0.0006233512825981716,0.001548812509417473,0.0031252683583567306,0.001297,
801765,广告营销,180,221,-0.001424887697930267,0.00016165257818837343,0.0007370740221363516,0.0008755754350254526,0.0010052845712142668,0.0013028117701513549,0.0017817022020700697,0.000933,
801765,广告营销,360,41,0.000284899724051738,0.0003259775181946954,0.0003625051462063963,0.00039572374463689794,0.0004283245736822298,0.00044829114451789317,0.0004622774825530075,0.000363,
801764,游戏Ⅱ,5,396,-0.011499072444130433,-0.0062543182943029015,-0.002507652265495592,0.0005549024916344108,0.0033299810034640768,0.006981520090148989,0.013182645639027572,0.005301,
801764,游戏Ⅱ,10,391,-0.008911572980539677,-0.005032950220960703,-0.0011551374967718113,0.0009679537626537084,0.0026002172597606107,0.005298111715312692,0.008843056240535224,0.004234,
801764,游戏Ⅱ,30,371,-0.005821084390389357,-0.0030143189949376507,-0.0008261533431522924,0.00027940281637989635,0.001442371750495393,0.0037836119369682513,0.006264390696061495,0.002564,
801764,游戏Ⅱ,60,341,-0.0038266056804729313,-0.002595608298845864,-0.001290697074613389,0.00019126217154421195,0.0013085573435752118,0.0035476336764172756,0.0048295296665931825,0.002571,
801764,游戏Ⅱ,90,311,-0.0032178837394717737,-0.0020760880722498773,-0.0004531373863739958,0.00023071214015262493,0.0011539043587130789,0.002868239481998158,0.00453054104866336,0.001715,
801764,游戏Ⅱ,180,221,-0.002029009120752842,-0.0013533148336612134,-0.0003027702001351831,0.0006229756243759624,0.001663170102307498,0.002605192754194823,0.0031587122513580972,0.0016,
801764,游戏Ⅱ,360,41,0.00030429793855385093,0.0003832097332157963,0.00046004430343260077,0.0005181344201633807,0.0005759864726379298,0.000644116321214616,0.0007189494580524772,0.00046,
801104,软件开发,5,396,-0.011675028022209273,-0.0065812431060356565,-0.003258371206185027,-0.0011354573193266561,0.0019880060052767036,0.0053898299340864,0.011223235193739325,0.004861,
801104,软件开发,10,391,-0.008863387188164474,-0.004936742403886311,-0.0027513428551034073,-0.0011652965373408985,0.0005521463912306315,0.003833668159134925,0.007050470010206288,0.003675,
801104,软件开发,30,371,-0.005717817043254329,-0.0032727396228904746,-0.001441109378894618,-0.0008347578598008529,7.470171947769395e-05,0.0021702614205546195,0.0037385368034250784,0.002182,
801104,软件开发,60,341,-0.004038389138362125,-0.0023811085685553667,-0.0013705855834466975,-0.00104595674715664,0.00013213809251265703,0.0014295768025867888,0.0028393598483197366,0.001564,
801104,软件开发,90,311,-0.0025830875701850827,-0.0023970076827206973,-0.0014418208332483608,-0.0007448317023421142,5.862710976115658e-05,0.0007895267751992502,0.002638851435306243,0.001453,
801104,软件开发,180,221,-0.0018236237186668976,-0.0012772163136533104,-0.0007645009868637141,-0.0002707800548744752,0.0005967286281682893,0.0009922722683374928,0.0010882822963101395,0.000946,
801104,软件开发,360,41,-0.0003454461866305488,-0.00030900962111899137,-0.00028995821329335584,-0.0002734699063006131,-0.0002547225824252146,-0.0002468784000701587,-0.00022896787875238548,0.000255,
801103,IT服务Ⅱ,5,396,-0.01267389339563002,-0.0063941684784953965,-0.0031669985112230165,-0.00024646345726901957,0.002285990110334161,0.005628760943161571,0.013216449688079914,0.004896,
801103,IT服务Ⅱ,10,391,-0.008632387163652317,-0.00503209348602363,-0.002205552600772148,-0.0008590720016112235,0.0014246075181579168,0.0040962814241534504,0.007887751700304263,0.003517,
801103,IT服务Ⅱ,30,371,-0.005419308229491701,-0.0024667578375667893,-0.0014738099991783913,-0.0006466270834761271,0.0003353805748653647,0.0020961477251820217,0.0037880078752947246,0.001937,
801103,IT服务Ⅱ,60,341,-0.0036485469474643937,-0.0017796023341258745,-0.0012847221157641134,-0.0006801546041100415,-6.0773225519763314e-05,0.001368383890647105,0.0028102839770022476,0.001483,
801103,IT服务Ⅱ,90,311,-0.002750615736599669,-0.0017824424425124975,-0.0009317126175197115,-0.00021706937039518717,0.000393028918694564,0.0013174991654573167,0.0023188756895339336,0.001269,
801103,IT服务Ⅱ,180,221,-0.0012119903707016638,-0.00039619262804875636,-1.831781592667195e-05,0.0001853050263924106,0.0006192629166427543,0.0008316623436188768,0.0008934151768617503,0.000643,
801103,IT服务Ⅱ,360,41,-7.795157634486758e-05,-4.59861859606711e-05,-3.1309639618725844e-05,-1.3823006825845198e-05,2.293591559262565e-06,1.2287985759482047e-05,3.9154076497126435e-05,2.5e-05,
801101,计算机设备,5,396,-0.011358795636485699,-0.005155184305997309,-0.00150386825502343,0.0008826177134513274,0.0026126735220622426,0.00566557820446182,0.01153315310275042,0.004385,
801101,计算机设备,10,391,-0.008180531190191919,-0.004145760811064946,-0.0011230253236883753,0.0005614644923791721,0.001962802204318194,0.004340372868682189,0.007577415185107372,0.003137,
801101,计算机设备,30,371,-0.003962810323566143,-0.0020977359252108228,-0.0008563221669632009,0.00021040390559887495,0.0009939602531126059,0.002239259884609865,0.003716761556611264,0.001856,
801101,计算机设备,60,341,-0.0022391892491949424,-0.0013578693403927277,-0.0003823365258328407,0.00014024747777654709,0.0007568417914165128,0.0015040304297847629,0.00317238411173928,0.001161,
801101,计算机设备,90,311,-0.0012424151584565957,-0.000498662355078685,-0.0002100491642824975,-0.0001432868256640276,-5.5057169593445866e-05,0.0013613822128654258,0.002776182666231876,0.00038,
801101,计算机设备,180,221,-0.00036716501682148656,-0.00032221439465928217,-8.907437181089839e-05,0.00020571976200869154,0.0009538001125565752,0.0014065200770796388,0.001607814978666041,0.000364,
801101,计算机设备,360,41,0.0003989640296708408,0.0004250701371099654,0.00043083644288159466,0.00044148513452716337,0.00045389732225826996,0.0004616024425616279,0.00047604227900103254,0.000431,
801745,军工电子Ⅱ,5,396,-0.01267569637842591,-0.004909929111467945,-0.001655412704426526,0.0002989722577839398,0.0030936221329505914,0.006918438865919404,0.014224088173036383,0.0046,
801745,军工电子Ⅱ,10,391,-0.008468052784316046,-0.0038096161818178265,-0.0009374916375349937,0.0007176482437369208,0.00221153324029114,0.004661958255045477,0.009387968556394096,0.003372,
801745,军工电子Ⅱ,30,371,-0.004589744667775611,-0.0018402980642321309,-0.0007216421659910059,0.0003396481910773879,0.0015815893652446956,0.0026651757315493295,0.0049074854929156975,0.001903,
801745,军工电子Ⅱ,60,341,-0.003275828437581161,-0.0010819279111095076,-0.0003253173524674098,0.00010318963272612956,0.0006630671732006086,0.0019498644170982678,0.0038376606679588698,0.001124,
801745,军工电子Ⅱ,90,311,-0.002083553872641227,-0.0007037323065336586,6.08679486622759e-05,0.0004611462922870731,0.0010002560262500533,0.002020213308847776,0.003709228667363989,0.000937,
801745,军工电子Ⅱ,180,221,-0.0005450469689254234,0.0009598400569635301,0.001110475817033971,0.0012176976626770675,0.0015450599206159356,0.0016372279313769276,0.0019564873955810816,0.001158,
801745,军工电子Ⅱ,360,41,0.0007481293549453013,0.0008035908019081982,0.0008494262140258471,0.0008910370917370766,0.000933344999356148,0.0009902777538617058,0.0010622778009433066,0.000849,
801744,航海装备Ⅱ,5,396,-0.011258240017047757,-0.005121979783551766,-0.002305760298774149,0.00012840628634912417,0.002748997085052953,0.005960307863880788,0.013283923952844586,0.00429,
801744,航海装备Ⅱ,10,391,-0.008143479424754503,-0.003571490393112094,-0.0011379675517634062,0.00033687468890224577,0.0019296930804653034,0.004997826412846512,0.01062002489279336,0.003162,
801744,航海装备Ⅱ,30,371,-0.004145402764560875,-0.0016779859554287373,-0.00029345269666864636,0.000782692323315207,0.0016556201833178021,0.0030993775248689256,0.004248195757034488,0.001886,
801744,航海装备Ⅱ,60,341,-0.001678963375406302,-0.0008469708975824997,-0.00019630263051830584,0.000367784561823249,0.000864498735495576,0.0019490734262247072,0.002707804944025464,0.000965,
801744,航海装备Ⅱ,90,311,-0.0012624896506935514,-0.00032223566991763404,0.00019300477379208015,0.0004955811506865648,0.0007918644514293859,0.0012139204385300043,0.002426971599703567,0.000743,
801744,航海装备Ⅱ,180,221,3.468146715106566e-06,0.00016774364410414874,0.00028507246904176743,0.0003685580216507205,0.0005015257987742251,0.0006005034153841964,0.0011116796776609631,0.000285,
801744,航海装备Ⅱ,360,41,0.0003919888679276897,0.00040520084611857314,0.00041461264817642765,0.00044231424256923853,0.00047373788693463544,0.0005089163959520564,0.0005352775262922403,0.000415,
801743,地面兵装Ⅱ,5,396,-0.01387691496130617,-0.007480397916872784,-0.002872021622030744,-0.00018863323481363258,0.002746450717125981,0.007919131197442041,0.018341535396585104,0.006184,
801743,地面兵装Ⅱ,10,391,-0.008578962091153632,-0.0053524744726276205,-0.0019911531559732897,0.0003420167352475341,0.0022753085148910853,0.006409754347796713,0.013465912237706927,0.004789,
801743,地面兵装Ⅱ,30,371,-0.006052808843093832,-0.0030852606607942035,-0.0006137769058180524,0.00023942926112985584,0.0011640400992896222,0.003485279441867567,0.0077026143774740746,0.002381,
801743,地面兵装Ⅱ,60,341,-0.0039418449788876505,-0.0024783829990912025,-0.0016996985863169888,-9.756546085354247e-05,0.000786784144665109,0.001905925537725161,0.00732918325421458,0.001969,
801743,地面兵装Ⅱ,90,311,-0.0033445846834952607,-0.0023366863951973242,-0.0012289197274641622,-0.0002156466743697689,0.0010062639986970366,0.002007411296071243,0.00622028763541858,0.001799,
801743,地面兵装Ⅱ,180,221,-0.0020734009282926402,-0.0008694455581004492,-0.000466345739044514,-0.0003206256263975824,0.0005696055129644567,0.001965329165385138,0.003052827368057381,0.000968,
801743,地面兵装Ⅱ,360,41,4.484005889471272e-05,0.00013522761353137818,0.0002316156071983466,0.00031800575180665475,0.0004080487392086793,0.0005315694724935139,0.0006659577755338802,0.000232,
801742,航空装备Ⅱ,5,396,-0.01219383297468465,-0.006015437341621783,-0.001454471732553011,0.0009845772596138742,0.0026694861965690666,0.0056065293271961416,0.011133137239117716,0.004191,
801742,航空装备Ⅱ,10,391,-0.00874897435946024,-0.0036336511894680137,-0.0008031082388263847,0.0007737542824676778,0.002044610893445004,0.004434479953699249,0.007763750786194898,0.003176,
801742,航空装备Ⅱ,30,371,-0.005298265551040168,-0.002653057930390467,-0.0002541202713333322,0.0007460843497711488,0.0014958027846204316,0.002234536991369874,0.0042490404710927975,0.001953,
801742,航空装备Ⅱ,60,341,-0.003135573762840839,-0.001987501622972522,-0.0008400825999882094,-0.0003767216271951415,0.0001850133446210419,0.0019558288664179102,0.0035953563601822556,0.001477,
801742,航空装备Ⅱ,90,311,-0.0031463096480276887,-0.002015420609029969,-0.00043502757335269035,0.00029313009339344023,0.0009273412090857301,0.0019781553707928674,0.0027146089432860234,0.00154,
801742,航空装备Ⅱ,180,221,-0.0016468132589518081,-0.00021382788865110586,0.0005942014313945792,0.0007414308588723232,0.0010765433354342176,0.0011438622221032187,0.00125625545417382,0.001045,
801742,航空装备Ⅱ,360,41,5.65484424053484e-05,0.00011004336788279383,0.00016378454317835246,0.00021220176980536986,0.0002658092651456432,0.0003366083527284205,0.00041365194082984823,0.000164,
801741,航天装备Ⅱ,5,396,-0.018573249281466458,-0.00732019457945711,-0.0024898433681291225,0.00058706187747065,0.003969480967724841,0.01023950619546091,0.021709663102705112,0.006528,
801741,航天装备Ⅱ,10,391,-0.014048689627980015,-0.004527264138479017,-0.0014877983563020955,0.00019472152544307178,0.0025063424609140374,0.006763114265586411,0.016226574582939256,0.003903,
801741,航天装备Ⅱ,30,371,-0.0074725069247588,-0.0034890406193690353,-0.00031644497587145605,0.0009931068842886285,0.0018172869507028374,0.0033938351297259787,0.009123444484661226,0.002669,
801741,航天装备Ⅱ,60,341,-0.0058630612545811575,-0.0016301308806361953,0.00035255124317893494,0.0015035336188295929,0.002017835658703529,0.0028410869363738205,0.010658339057475973,0.002159,
801741,航天装备Ⅱ,90,311,-0.004065823798232721,-0.001293572183705151,0.0007564463983489986,0.0021098967415448568,0.0023622061337171337,0.0029472589130610633,0.010727250796701332,0.002268,
801741,航天装备Ⅱ,180,221,-0.000427127016036398,0.0017709430188859786,0.002673066166176899,0.003655223979064444,0.004864150678474019,0.005796785869387654,0.006412787829520583,0.00273,
801741,航天装备Ⅱ,360,41,0.002506891016836144,0.0026424947599754944,0.0027700416328283123,0.0028572329698955236,0.0029390244446162515,0.0030463246388996766,0.003161688192902904,0.00277,
801078,自动化设备,5,396,-0.012542722585099803,-0.005037871750833511,-0.0006814866987857397,0.0018514613704966652,0.004126645303444065,0.007731501688438048,0.013283416664202272,0.00526,
801078,自动化设备,10,391,-0.0084348505422909,-0.0037720649577812682,-0.0005066872962840426,0.0013109556942756905,0.0032748672992824295,0.006230589686560551,0.009733888014522366,0.004081,
801078,自动化设备,30,371,-0.004880926843283442,-0.002303472948700102,0.0003158327602981891,0.0016719059744773775,0.0023281195407961297,0.0040115834575792245,0.006514488177509337,0.002587,
801078,自动化设备,60,341,-0.003553761791705467,-0.0017616523506842315,0.00017614305185172002,0.0008146854577793008,0.0022073817156771326,0.003944578135415576,0.0056008594791299385,0.002465,
801078,自动化设备,90,311,-0.0018037792863996043,-0.00019567056149207403,0.001295837486290176,0.001997402122036319,0.002324752462517796,0.003089057982188689,0.004224758811507482,0.001961,
801078,自动化设备,180,221,0.001350465703300894,0.0014958667489752783,0.0017236173608921464,0.0017552618262717708,0.0018518383027873173,0.002041505737784695,0.002680092082483141,0.001724,
801078,自动化设备,360,41,0.00172597266252731,0.0017307008308352265,0.0017378232978925005,0.0017400191291518658,0.0017417531498914057,0.001744118822470603,0.0017486311218774878,0.001738,
801077,工程机械,5,396,-0.009072136741447476,-0.004277238945561759,-0.0015507984744689855,0.0002845046217697808,0.0018201389191316243,0.005007085152874865,0.009556323207024821,0.003594,
801077,工程机械,10,391,-0.005962332450027363,-0.0033445542198739207,-0.0012285227383300092,0.00037984225190543897,0.001754863781094617,0.0040949293769645505,0.006583845273312469,0.003053,
801077,工程机械,30,371,-0.0031511739022759455,-0.002021956749533471,-0.0006604464267322778,0.00044702271483169464,0.0014266949829235857,0.0022044203775305627,0.0035646891890087416,0.001832,
801077,工程机械,60,341,-0.00211139239948195,-0.0013254918322523261,-0.0006761738662561341,-0.0001924040196928395,0.00021488314808388686,0.0017980497299824004,0.0028567996610857,0.001094,
801077,工程机械,90,311,-0.0014744899773478787,-0.0012679704798777341,-0.0008602019062621128,0.0004825909231202904,0.0008340359315047841,0.0013456288819200133,0.0025708555244823203,0.001151,
801077,工程机械,180,221,-0.000945205707178549,-0.0004405841370017682,0.0003135992218272172,0.0008073925902243449,0.0011598773979793833,0.0015545192426753482,0.0017104963001455982,0.000895,
801077,工程机械,360,41,0.00035051976435984477,0.00037809380949394125,0.0003996502190267255,0.0004189931771787253,0.00044529010005115165,0.0004907721097235151,0.0005394176652194999,0.0004,
801076,轨交设备Ⅱ,5,396,-0.007228795335883272,-0.003057524964569209,-0.0009324868820094225,0.00019156330953305612,0.001545403149330043,0.0037100515545745133,0.006362874157185812,0.002526,
801076,轨交设备Ⅱ,10,391,-0.004681481825235548,-0.002094286647708664,-0.0003819688121009654,0.00021106039881889832,0.0009443943591573762,0.002488580793109595,0.003958389162307692,0.0017,
801076,轨交设备Ⅱ,30,371,-0.002756790104034086,-0.001653848715738141,-0.0004660640284544055,0.00012820394933617257,0.0006405446405557664,0.0013194124771964747,0.002179326136050562,0.001121,
801076,轨交设备Ⅱ,60,341,-0.0014902603379067215,-0.0011248919048668846,-0.0008634258393731113,-0.00032580006989712455,0.00025423127110263925,0.0007148364618418959,0.001501734227930163,0.000873,
801076,轨交设备Ⅱ,90,311,-0.001272679197420999,-0.0007685617645642567,-0.0005962095089058093,-0.0004897090659464758,-0.00028627434478575755,0.0005820011799922631,0.001373894840881184,0.000634,
801076,轨交设备Ⅱ,180,221,-0.0008704883265695328,-0.0007656441989548277,-0.0005045328054129278,-0.0002838476710644423,0.00018027601031704016,0.000548714406639548,0.0007468867794743932,0.000577,
801076,轨交设备Ⅱ,360,41,-0.00016549942911302666,-0.0001612716113054295,-0.0001570441398340337,-0.00015168452436156238,-0.00014366974681347887,-0.00012467674367572657,-0.00010009315003354248,0.000144,
801074,专用设备,5,396,-0.008900728921115708,-0.0030698664694424394,-0.00020102606668878317,0.001176102227895506,0.0034201556886655662,0.005986036677793787,0.010342310773933137,0.003818,
801074,专用设备,10,391,-0.005257921155760204,-0.0021051925067355967,-0.00015282690700684686,0.001107824061985086,0.0025837410578494835,0.004964772538679528,0.007583927672159466,0.002714,
801074,专用设备,30,371,-0.004361925065532914,-0.0005618403678151081,0.0005132835820880054,0.001196706495963758,0.0018726677050808676,0.0033370358606349473,0.004935162925735515,0.00172,
801074,专用设备,60,341,-0.00260150234130824,-0.0005390719650169193,0.000450327590729233,0.001170672510216829,0.0016357205393723513,0.002230299373826318,0.0035787182784298797,0.001388,
801074,专用设备,90,311,-0.0011790670073970808,0.0005969911652992297,0.0007714294499687473,0.0009695264052457981,0.0014797077216161655,0.0023926535003305762,0.002905808772365351,0.00099,
801074,专用设备,180,221,0.00024904228548279495,0.0012836987433479932,0.0013466465250512728,0.0015088757894851559,0.0018713627433498716,0.002067048867175336,0.0020993002802291772,0.001347,
801074,专用设备,360,41,0.0011527326383465608,0.001198660998596742,0.0012408595342206213,0.0012700602701130196,0.0012989097163565524,0.0013403987817695458,0.0014050395975839436,0.001241,
801072,通用设备,5,396,-0.010622789040074045,-0.00382428508866412,-4.464992035811266e-05,0.0018937486982578894,0.003877952956091662,0.007602505569884613,0.01218973260103169,0.004558,
801072,通用设备,10,391,-0.006681375467582108,-0.002435462419000712,0.0001311895850716848,0.0015849949519798022,0.003342883277386072,0.006040242760616256,0.009392441838228424,0.003385,
801072,通用设备,30,371,-0.005055158727117947,-0.0005552620978293337,0.0008131230700242442,0.0016428504802640366,0.0024169238746426925,0.003969804604327826,0.0055316778866055395,0.001948,
801072,通用设备,60,341,-0.002523728240045369,-0.0008185183880367518,0.0005366009280100668,0.0010586049294555688,0.0018089559637771981,0.0032379885785396812,0.0042735503473220375,0.001463,
801072,通用设备,90,311,-0.0007826200888749281,0.0006590210198945181,0.00107666890992833,0.0015331559593078266,0.0019871458688264193,0.002646828298143918,0.0033671625374800834,0.001359,
801072,通用设备,180,221,0.0009124090060457276,0.0016588165412707934,0.0018227007813553166,0.00187276343684212,0.0019624492565013985,0.002086018436493107,0.0024160578757179752,0.001823,
801072,通用设备,360,41,0.0015415464926662255,0.0015678417618355531,0.0015890811189505857,0.0016077042565092747,0.0016244059136436,0.0016460363664032235,0.0017001377832107643,0.001589,
801738,电网设备,5,396,-0.009781576318294339,-0.004179059963572828,-0.0007784837329793487,0.0012112182604158027,0.0030969503739884637,0.005577064143482688,0.010522228421069774,0.004012,
801738,电网设备,10,391,-0.00884521084116785,-0.00264750205206304,0.000251062654100213,0.0014135357944842035,0.002541588055209961,0.0044702561844868205,0.007621661841857961,0.00297,
801738,电网设备,30,371,-0.005186139263634321,-0.0016693463939963472,0.000720160952018258,0.0015441774089000656,0.0021517402772447194,0.003058194373355423,0.005014073186610807,0.002245,
801738,电网设备,60,341,-0.0029235388168456842,-0.0008070767566720195,0.00021292233843503894,0.0010269861481076441,0.001732882055480005,0.0026413167025996272,0.004331217645745624,0.001344,
801738,电网设备,90,311,-0.003112161563477403,-0.0004100678471637658,0.0011794254822580005,0.0018211774065532386,0.002450702638623098,0.0028889840218214026,0.0035223893422563096,0.002256,
801738,电网设备,180,221,-5.884954851880243e-05,0.0013238448981912323,0.001948114689922641,0.002251893985833023,0.002455867246206163,0.0028001602855125245,0.003078657502109672,0.001948,
801738,电网设备,360,41,0.0013882061557056562,0.0014504624936470796,0.0015135329533629703,0.0015543120859266265,0.001592970632496287,0.0016446477594190974,0.0017014927621996356,0.001514,
801737,电池,5,396,-0.010723698698463527,-0.004714693492520639,-0.0017529676391542079,0.000799990173203293,0.002970521670638049,0.006913122250172658,0.013343738730467855,0.004314,
801737,电池,10,391,-0.007695016011253281,-0.004385944235460245,-0.0007210690653132443,0.0011833178035179663,0.003074033182332061,0.005638923439602565,0.009331340815811051,0.003833,
801737,电池,30,371,-0.004900036069441066,-0.001794127822453828,-0.00011605131901231302,0.0009809783375361828,0.0020337901822157045,0.0030523286501207697,0.005724208723855551,0.002183,
801737,电池,60,341,-0.0029778500651087615,-0.0010582608749113308,-0.00015799263942240877,0.0007913319351229786,0.002039370648778229,0.0030379433232691536,0.005830598294747404,0.002045,
801737,电池,90,311,-0.0020840735029470235,-0.000449764989408722,0.00047960175105042884,0.0013808370965378584,0.002098728534938535,0.002595521924453766,0.005647967859621197,0.001548,
801737,电池,180,221,0.0002421421383811838,0.0007997160724408093,0.001410021752292837,0.0017606030484728385,0.002449254138575217,0.0031164240786479246,0.0036302357504771703,0.00141,
801737,电池,360,41,0.001442123160115504,0.0015250902648479123,0.0015956412858488898,0.001632093913065661,0.0016614190500986647,0.0017045775912691032,0.0017612997353991966,0.001596,
801736,风电设备,5,396,-0.013615579668789167,-0.006096936648568923,-0.0010671221292548841,0.0013729773887739228,0.003861627821021143,0.007360941283078883,0.01334278406341558,0.005432,
801736,风电设备,10,391,-0.010283179254434482,-0.003664646692977028,-0.0003846157733662529,0.0015958488766245993,0.0032168153509541304,0.005646151577750615,0.00876803387021913,0.003911,
801736,风电设备,30,371,-0.006075535936604878,-0.0030078080990345035,0.00033882326717633995,0.0011836158669014062,0.0023637879452409537,0.003594060568384367,0.005462879681415103,0.002914,
801736,风电设备,60,341,-0.004671755690845809,-0.0008125923793021049,-0.00019535044700321705,0.0006333840855493629,0.0021253655050720577,0.003198206183274692,0.004807911807080269,0.002196,
801736,风电设备,90,311,-0.00514130020903297,-0.00013011664409931704,0.0012087548414081708,0.0018631413937992153,0.0025037588311497827,0.003057295673283032,0.00388924911163209,0.002429,
801736,风电设备,180,221,-0.0010377853852510514,0.0009445740994550252,0.0023277556612618273,0.002457266939555473,0.0025221379073688604,0.0027308020898048394,0.002993522937457644,0.002369,
801736,风电设备,360,41,0.0010262471240352173,0.0011332122109113578,0.0012492672405237945,0.001327557086473638,0.0013984609753335344,0.0014970328517993371,0.001600931490473443,0.001249,
801735,光伏设备,5,396,-0.014024146310507943,-0.006545775574697142,-0.0019219883258493429,0.0005906524129979734,0.0030407708215395715,0.007623881953614901,0.013301050463842383,0.005251,
801735,光伏设备,10,391,-0.011092021553396308,-0.0033290663550655172,-0.0010163857325511181,0.0005556308150740664,0.0021332371781774503,0.004993123134687506,0.0091195791354281,0.003189,
801735,光伏设备,30,371,-0.005972037341373628,-0.003909895424518912,-0.0002793792102526675,0.0008883304455105966,0.0020066576061024454,0.0035441380671452985,0.005984002205260167,0.002858,
801735,光伏设备,60,341,-0.004501068310042291,-0.0020604229129999345,-0.0006380288665873158,-0.00013557401390480058,0.0013977110210646483,0.002732058013201357,0.005557190324266585,0.002072,
801735,光伏设备,90,311,-0.003470573857448982,-0.0013324599847487698,8.38656132168419e-05,0.0010345744682978707,0.0011804950600067155,0.0027616878985765652,0.005295698290080037,0.001495,
801735,光伏设备,180,221,-0.001189475586224158,0.00012574435939000496,0.0011931477429424542,0.001935115758491742,0.0025754471117782765,0.0031532964158427694,0.0034093205623118394,0.001654,
801735,光伏设备,360,41,0.0009224834404129688,0.0010158105130859535,0.0011019026595602607,0.00115020780659212,0.0011915200971780277,0.001260992529143276,0.0013400844733719942,0.001102,
801733,其他电源设备Ⅱ,5,396,-0.013657257347669791,-0.006562339249083749,-0.001300806097889771,0.001592727578781337,0.004673281038891828,0.008501670069704079,0.015090085807144254,0.005945,
801733,其他电源设备Ⅱ,10,391,-0.00961821755781806,-0.004193165460015547,0.00023083457249534347,0.0016755942873777695,0.0035944721027659603,0.0061978838521028045,0.009900011524272483,0.00425,
801733,其他电源设备Ⅱ,30,371,-0.0053029345664477165,-0.001439330380535684,0.0006469202720536537,0.0015299482457723384,0.0023276587777646437,0.003707839788274601,0.005897663028110994,0.002307,
801733,其他电源设备Ⅱ,60,341,-0.003589052694948244,-0.0007346388424599596,0.0006098744974466672,0.001311639088690621,0.0019058808375268627,0.002922562710545004,0.004560079432350177,0.001948,
801733,其他电源设备Ⅱ,90,311,-0.001605279546715172,0.0004507244218101773,0.0012593230259190012,0.0015593320837626304,0.001831010620687736,0.0028622163339768847,0.003928157224859861,0.001564,
801733,其他电源设备Ⅱ,180,221,0.0005560985011302902,0.0017718222433203475,0.0018429870116282569,0.0019305461153450076,0.0022064619561277545,0.002513850667745971,0.0025571610851165528,0.001843,
801733,其他电源设备Ⅱ,360,41,0.0014541134720321824,0.0015023541529106265,0.0015428728226057234,0.0015801307906953377,0.001616187228243235,0.0016589673676570022,0.0017297256996642028,0.001543,
801731,电机Ⅱ,5,396,-0.014164330112427913,-0.006830047717298869,-0.002348209091664594,-2.360307287345362e-05,0.002553914848365625,0.006898289877585504,0.015477699577237311,0.005221,
801731,电机Ⅱ,10,391,-0.010077876004877386,-0.0058121910890318665,-0.0018021811995807809,0.00023250952113346062,0.0015365468541869332,0.00535540318507882,0.01014043046097539,0.004122,
801731,电机Ⅱ,30,371,-0.006092227376915563,-0.0035342054060542734,-0.0018017061994930425,-0.0005243096366315706,0.0016974000389321296,0.0038896222504758438,0.006287754371805618,0.003027,
801731,电机Ⅱ,60,341,-0.003463172590468817,-0.0023569048930594,-0.0013551845366536266,-0.00014132993561259753,0.0005455371520395546,0.001760907080269885,0.005280139826144535,0.001796,
801731,电机Ⅱ,90,311,-0.002962727719929452,-0.001331522286879984,-0.0007988857997424103,-0.0001752397207066079,0.0001839003080717938,0.0018230023247609146,0.004755000963004044,0.001053,
801731,电机Ⅱ,180,221,-0.0014479465305226192,-0.0006659917012630103,-0.0001093114234431658,0.0007281027743125639,0.0019357783959303865,0.0024103770321683123,0.0026004744289504444,0.001281,
801731,电机Ⅱ,360,41,0.00035188545589065554,0.0004220810149406411,0.00048335018954998705,0.0005308296775110666,0.000573911740635143,0.0006341027300089848,0.0007130869898044891,0.000483,
801726,工程咨询服务Ⅱ,5,396,-0.00968387273402863,-0.004059560560335055,-0.0008619672372596912,0.0008312758444036484,0.002725357508255212,0.005857395452556666,0.010640980528587626,0.003858,
801726,工程咨询服务Ⅱ,10,391,-0.007513818634803844,-0.0028018081208452013,-0.0006800187235991935,0.0007445103171050201,0.0019229857997863577,0.00436288815762593,0.008274606961632019,0.00267,
801726,工程咨询服务Ⅱ,30,371,-0.0034585792511658935,-0.0016431989312762727,-0.0004251279856565668,0.000586795803143798,0.0014592979625560822,0.002527332575371427,0.004118276673187807,0.001789,
801726,工程咨询服务Ⅱ,60,341,-0.001711046419340143,-0.0007579745782583925,-2.8580681794655056e-05,0.00045434386164396463,0.0009590586391797618,0.0015423899784725308,0.0021507697670679186,0.001038,
801726,工程咨询服务Ⅱ,90,311,-0.0004448514359959446,-0.0002996168059957572,-7.219488385524501e-05,0.00011468583390824773,0.0003300806537506396,0.0013842568476123943,0.0021691386953622462,0.00033,
801726,工程咨询服务Ⅱ,180,221,-0.00016005274007404026,-0.00010149708134058281,9.301085311231674e-05,0.0002847026363431563,0.0008513587193839221,0.0012414216027398864,0.0014603527286482644,0.000176,
801726,工程咨询服务Ⅱ,360,41,0.0004939081002304998,0.0005017533890152505,0.0005068502566092045,0.0005085799596567764,0.0005107647672496712,0.0005150315911162313,0.0005252340292381374,0.000507,
801724,专业工程,5,396,-0.008049185642486068,-0.003791488690596043,-0.0011567432052589028,0.0007391834593816727,0.002016722102194536,0.004299448934954089,0.008466637438253972,0.003306,
801724,专业工程,10,391,-0.0059880182637379025,-0.0024942186729482044,-0.0007578057096948472,0.0006575392787294866,0.0017756209151001897,0.0032167440951701132,0.005457443315285991,0.002361,
801724,专业工程,30,371,-0.0033538757656921053,-0.0010863085688281539,-0.00030861804458550714,0.0003200506540829339,0.0008622687019847529,0.0015941007971739696,0.0027846700496957436,0.001102,
801724,专业工程,60,341,-0.002542177174206618,-0.0010385569328851998,-9.408760933586208e-05,0.0004319009010837907,0.0008124971044615035,0.0012209216603245073,0.002517822221161241,0.000909,
801724,专业工程,90,311,-0.0023125948679476047,-0.000694053468555605,0.00045337253342348427,0.0008113513627094927,0.0012652620542877877,0.0015561245497522748,0.002345859340177113,0.001316,
801724,专业工程,180,221,-0.00045258901123846566,0.000707116667559539,0.0009668347974947242,0.0010591235473045052,0.0011505403311587328,0.0014503316726739,0.0015739126360639088,0.001009,
801724,专业工程,360,41,0.0005699382068012611,0.00061231187055198,0.0006521817762335871,0.0006798053534506205,0.0007081372866042917,0.0007501838366206482,0.0008030190893854634,0.000652,
801723,基础建设,5,396,-0.0074147458745699255,-0.0035250595205066973,-0.0014238095651093463,-0.00012420231913374446,0.0010672394749859703,0.0030172692941979377,0.0064286043399622555,0.002476,
801723,基础建设,10,391,-0.004841510545034103,-0.002160862965458323,-0.0006482613447908736,0.00014376805357569928,0.0008335028591120626,0.0020206900183183645,0.0038131644934957165,0.001622,
801723,基础建设,30,371,-0.002654190627672645,-0.001152803385128136,-0.00024110315127141578,0.00010256727019243259,0.00041689313000992676,0.0010402713487799198,0.0025021106866693612,0.000761,
801723,基础建设,60,341,-0.0024307462390996313,-0.0006240745783479462,-3.663363155180326e-05,0.0003042193786752405,0.0005727503714132484,0.0008831421011611167,0.001737871524163455,0.000668,
801723,基础建设,90,311,-0.0026185302210698694,-0.00027017041129920224,0.00015324536507936866,0.00024496299037158746,0.0005904574588492601,0.0010709809780020197,0.0013637809640841875,0.000701,
801723,基础建设,180,221,-0.0008027988444627838,-0.00015173065019157843,0.0005000039940256229,0.000527413079675261,0.0006381549458522372,0.0007834525118973623,0.0008864018039722255,0.000622,
801723,基础建设,360,41,8.562184586107592e-05,0.00012093638549289982,0.00015905581533545078,0.0001862632037016359,0.00021454896312228804,0.00025339638346305235,0.0002873657274474361,0.000159,
801722,装修装饰Ⅱ,5,396,-0.011400712976542715,-0.00437374275459513,-9.818305847059979e-05,0.0019824113336342365,0.0034670657120134452,0.005591223037469959,0.011643207463632737,0.0042,
801722,装修装饰Ⅱ,10,391,-0.008530564955163408,-0.0025017996643648477,-2.8866535827804355e-05,0.00109226703190258,0.002322714012790046,0.004310405430138086,0.008926645167990742,0.002715,
801722,装修装饰Ⅱ,30,371,-0.004694503051419164,-0.0018018493814272638,0.0003077784982617227,0.0010804257654298747,0.0018727983642224332,0.003309749532529614,0.005718834868966825,0.00216,
801722,装修装饰Ⅱ,60,341,-0.0023279917006429063,-0.0006139136130384018,0.0010021263486826616,0.0013528664764279035,0.0015085953805218245,0.0018753234118288019,0.002651482537511424,0.001428,
801722,装修装饰Ⅱ,90,311,-0.0022359416662304952,0.00023078697377802975,0.0006218775489782589,0.0010608269286258808,0.0013428757086514287,0.0019402056914663971,0.0029962488653000868,0.001272,
801722,装修装饰Ⅱ,180,221,-0.0005581191107240409,0.000673967260319933,0.001499503124761494,0.0017176843390593341,0.0018235382612550228,0.002122157220921522,0.002287451128372623,0.0015,
801722,装修装饰Ⅱ,360,41,0.0009894392974818009,0.0010161194328116225,0.0010428442214597859,0.0010665752222631115,0.0010907763354446192,0.001136367078465871,0.001197970760617178,0.001043,
801721,房屋建设Ⅱ,5,396,-0.006954768559022976,-0.004006974773885908,-0.001700343398260172,-0.0004564130725982767,0.0006003807742820493,0.002777163946712402,0.005788805295516317,0.002641,
801721,房屋建设Ⅱ,10,391,-0.005113261067875162,-0.0024375897469224063,-0.0009583645625222462,-0.00029035271665008266,0.0003405651173955051,0.001407121196931982,0.0031642892951391946,0.001392,
801721,房屋建设Ⅱ,30,371,-0.0028422624919335776,-0.001503892736706512,-0.0006641030633472717,-0.0002778116432979152,-4.019889459233471e-05,0.0005705708928945609,0.001246864195957551,0.000731,
801721,房屋建设Ⅱ,60,341,-0.002134929717733102,-0.0013568538976915566,-0.0006478238679115075,-0.0003107592927873976,2.5853550922148533e-05,0.000295819140638391,0.0005825473903440349,0.00048,
801721,房屋建设Ⅱ,90,311,-0.0022484251565788186,-0.0012360522291172103,-0.0007440490054454569,-0.0002890574709087204,-0.0001335077586002318,0.0001075429287577183,0.00034111480520150633,0.000334,
801721,房屋建设Ⅱ,180,221,-0.0011630717471665898,-0.0009296549893772274,-0.0005813153599590847,-0.0005549248091240793,-0.00045872607869123274,-0.000254128874655271,0.0001679753628803261,0.000459,
801721,房屋建设Ⅱ,360,41,-0.0006321790286629853,-0.0006085577845347449,-0.000580689333059057,-0.0005611023029313524,-0.000539136912174516,-0.0005048568044915632,-0.00047600151941287023,0.000539,
801713,装修建材,5,396,-0.008807011637322396,-0.004397938307719206,-0.0015190961241837008,0.00024822128246771097,0.0015756179121768092,0.0040677296223261775,0.007524053529250303,0.003254,
801713,装修建材,10,391,-0.006945114769424416,-0.0031316326085372133,-0.0009859352773811186,0.00020492152744895552,0.0012755471742623783,0.0028749800238209574,0.004746767357097042,0.002331,
801713,装修建材,30,371,-0.005167796193744493,-0.0016156006236781588,-0.00021561686493534228,0.0002312872659509504,0.0006233810082016817,0.0016244373312267043,0.002650439167845173,0.001171,
801713,装修建材,60,341,-0.0032083441894160776,-0.0011374291046505032,-0.0004849356718406674,-0.00011547679509357864,0.0004694219310955059,0.0009205985620386863,0.0020603902990879983,0.000761,
801713,装修建材,90,311,-0.0031676306823158833,-0.0010708077766836519,2.5280653427991083e-05,0.0004545556275348962,0.0006903686935943786,0.0011339684765473562,0.0016985465640319904,0.000905,
801713,装修建材,180,221,-0.0011929911195246246,9.801057008686344e-05,0.0005646719462538036,0.0007145800962613881,0.0008004921021459499,0.0009717534885045372,0.001265499149361699,0.000762,
801713,装修建材,360,41,9.246270001855213e-05,0.00013758438529685212,0.00017763333309258437,0.0002105117520905176,0.00024460584820396643,0.0002984927104944662,0.0003551385723986662,0.000178,
801712,玻璃玻纤,5,396,-0.0158740696062109,-0.004674901688098729,0.00034069492556846036,0.002830072503255077,0.005405317891031436,0.009825552052238385,0.02121448156058437,0.006003,
801712,玻璃玻纤,10,391,-0.010104739519945309,-0.00291747405829948,0.0010472916892428621,0.0023790886638026046,0.003938693215445143,0.008685853225830296,0.017326673584012166,0.004029,
801712,玻璃玻纤,30,371,-0.003040851049914967,-0.0006747226054032016,0.0011351020133425853,0.00274580591390025,0.004648274344584525,0.007008634583738923,0.010606173137820807,0.002826,
801712,玻璃玻纤,60,341,-0.0008296084936414509,-0.00010722934202261647,0.00216514438764324,0.003363902107278975,0.004397821943226359,0.005695532311614693,0.008346208750596615,0.003289,
801712,玻璃玻纤,90,311,0.0001895149756985762,0.0012731225977005846,0.002839734857714759,0.003992011381230854,0.00499998707840934,0.005435908996297966,0.006318863633515884,0.00284,
801712,玻璃玻纤,180,221,0.002767354511092051,0.002832171393413352,0.0030723778531534674,0.0032703382830721367,0.003733048160669157,0.004698423108334378,0.005887796100131322,0.003072,
801712,玻璃玻纤,360,41,0.003706977786746646,0.003754862700447104,0.0038036527526563954,0.0038389581732859125,0.0038583390275630817,0.00387289711626426,0.003917768631204217,0.003804,
801711,水泥,5,396,-0.00703415089436624,-0.004123486892126903,-0.0020889816312898643,-0.0007415111741456799,0.0007346365146288608,0.0027986246586565026,0.007248333420904071,0.002747,
801711,水泥,10,391,-0.004958875034024659,-0.0026648332592351023,-0.0011838993462890436,-0.00043027978370005444,0.0004033236465668866,0.0019064420493312521,0.0043577374440739725,0.00188,
801711,水泥,30,371,-0.004106964367957863,-0.0015838081983251958,-0.0006532526214273502,-0.00029831340111630096,0.000201835853542448,0.001305273143745922,0.0024749249659160853,0.001161,
801711,水泥,60,341,-0.003251582393739691,-0.0014587226717677625,-0.0004416510029165077,-0.0001286593518676099,0.00019778594525605896,0.000717879365664411,0.0024872918490009654,0.000708,
801711,水泥,90,311,-0.0034036754398222686,-0.0016134867729490053,-0.00024720847075448114,-3.3905727923752337e-05,0.00019909229153814112,0.0006498019984599512,0.0021878828469320487,0.000597,
801711,水泥,180,221,-0.0019369521159334695,-0.0012026581413464416,-0.00023943093716371876,0.00011156970191232449,0.0007848712525610449,0.0010023809226011398,0.0011158314131306433,0.000947,
801711,水泥,360,41,-0.00031631614189776505,-0.00027125706875492396,-0.0002220380532216062,-0.00018352727432538666,-0.00013815703572429068,-7.240886724506767e-05,-8.69589208145728e-06,0.000138,
801231,综合Ⅱ,5,396,-0.01108393725451894,-0.005094057331606039,-0.0009306497400775749,0.001302582496135274,0.00339643442452636,0.007486376660623054,0.014442703371306452,0.004748,
801231,综合Ⅱ,10,391,-0.007131848125717014,-0.0028876659871004675,-0.0003080282799930525,0.0009317714620793633,0.0024875490361752134,0.004991489243692822,0.010495754730005686,0.002958,
801231,综合Ⅱ,30,371,-0.004210480974677099,-0.0015939487525665399,0.0003548720809646261,0.001563823387110776,0.0025885568774984434,0.0038678290205602216,0.005820042800392389,0.002638,
801231,综合Ⅱ,60,341,-0.0016289436906073407,-0.00031500963631265935,0.000349713202468113,0.0009365763340842628,0.0019607823278595406,0.0031010144089216106,0.005004429329801607,0.001291,
801231,综合Ⅱ,90,311,-0.0017026097454916748,3.647569528171686e-05,0.0011752863278575144,0.001808676849468422,0.002330329374889489,0.0031368215532778677,0.004178259384080989,0.001776,
801231,综合Ⅱ,180,221,0.0002061379277635749,0.0014155866194995432,0.0019323089276790898,0.002306584460698133,0.0027016962294894634,0.0028644302218873846,0.0029536593043885916,0.001932,
801231,综合Ⅱ,360,41,0.0015672383743417298,0.001631981691532788,0.0016944233641872578,0.0017364399685311648,0.0017677131611720778,0.0018131340824276948,0.0018737857637999595,0.001694,
801191,多元金融,5,396,-0.008704440576693794,-0.004277182474240107,-0.0015290800800365875,0.00020228875693853275,0.0019423599137753517,0.0046165226724783695,0.00840719870050406,0.00352,
801191,多元金融,10,391,-0.00621061106439292,-0.0028304357104319043,-0.0008318902119799568,8.041931088223562e-06,0.0009643709455023422,0.0031105887058037684,0.005193960045651542,0.002133,
801191,多元金融,30,371,-0.0027004600982102516,-0.0016996666336731693,-0.0005266305863360548,-0.00011967821321312638,0.0004995761985785668,0.0014784498414693362,0.003181603072508179,0.001257,
801191,多元金融,60,341,-0.0020983529244303677,-0.0010370186382452511,-0.0007129269394377522,-0.0003342953204705918,0.00015661073248420047,0.0011282364282635406,0.0022927675826796374,0.000879,
801191,多元金融,90,311,-0.0022913718832032193,-0.001053726156794259,-0.0005071207473777719,-4.868136147014165e-05,0.00030658513362942416,0.0007969262964109098,0.0020498747507299666,0.000759,
801191,多元金融,180,221,-0.0010905100365465783,-0.0005172026541146839,-0.00010264135245186252,-7.904195715979843e-05,0.0001418019077330454,0.0004949119056697229,0.0009082040059879813,0.000363,
801191,多元金融,360,41,-0.00015989974068945594,-0.0001200352672548377,-8.611605599285033e-05,-6.0470857095726087e-05,-2.8930701759015365e-05,1.229891353207893e-05,5.041022498833929e-05,5.9e-05,
801194,保险Ⅱ,5,396,-0.009278199899393377,-0.004580237030477468,-0.0018109356175207757,0.00018240511282413633,0.0021191266555913983,0.004370596420864783,0.009280567022292383,0.003469,
801194,保险Ⅱ,10,391,-0.006913835010743808,-0.0027658011258504976,-0.0007061841675116509,0.00044676792767651155,0.0017387127341293067,0.0031886412153680314,0.006652238425412833,0.002469,
801194,保险Ⅱ,30,371,-0.0037662774355606754,-0.0021047210541506062,-0.0005025611649332798,0.0005713784612813275,0.0013181795121221093,0.002208242598678948,0.00315450305654748,0.001741,
801194,保险Ⅱ,60,341,-0.003161957652921488,-0.002138985653161462,-0.0003130041158126004,0.00040936392807447517,0.0009760809113676824,0.00194162679508655,0.0026883641645143895,0.001553,
801194,保险Ⅱ,90,311,-0.0028624032074707323,-0.0014878795558874868,2.5254050594834024e-06,0.000257136255315498,0.0008030056146942265,0.0015871658715140298,0.002223706132402305,0.001301,
801194,保险Ⅱ,180,221,-0.0017773637693651164,-0.0009478623112413822,0.00019639780164664228,0.000618222535118066,0.000964514456810178,0.0010313264715664729,0.0012444749815203986,0.000986,
801194,保险Ⅱ,360,41,6.694994117010567e-06,4.1344268475949394e-05,7.447398253795565e-05,0.00010430269576285761,0.00014206447400283843,0.0001954791091957772,0.0002396025891636077,7.4e-05,
801193,证券Ⅱ,5,396,-0.007597283523134379,-0.0041200259901034994,-0.0017505803740616068,-0.0006564097208076112,0.0005395812091343,0.0031117499664791333,0.008514709878047018,0.00291,
801193,证券Ⅱ,10,391,-0.005421348549559786,-0.0030760819999787305,-0.0016518204485314282,-0.00040935540689947795,0.0007229616021809515,0.0027835489437063525,0.0051676964224466855,0.002347,
801193,证券Ⅱ,30,371,-0.003137760211781301,-0.001896678931084198,-0.0009553737928183417,-0.0003986188352057429,0.0004575235117569907,0.001738757672830318,0.0032402827591408124,0.001432,
801193,证券Ⅱ,60,341,-0.002077716525782096,-0.0011002787730993865,-0.0006863985080674494,-0.00025576417557443163,0.00014136420822037025,0.0010928057074267316,0.0025614192185022646,0.000946,
801193,证券Ⅱ,90,311,-0.0018654031993743485,-0.0009371675475233899,-0.0005616697636868787,-0.0003221058249559913,0.000331801572427658,0.0007443873291232393,0.0023068398209442737,0.000705,
801193,证券Ⅱ,180,221,-0.001211537563764379,-0.0010226774629049726,-0.0007878817510061759,-0.0006984144197098434,-5.862261066413336e-06,0.0008624426464829148,0.0011204350804090797,0.000857,
801193,证券Ⅱ,360,41,-0.0001733348559267832,-0.00015199882102449197,-0.00013651716383645174,-0.00012201767381673251,-0.00010619437787807453,-8.886689179160173e-05,-7.5580522533126e-05,0.000106,
801785,农商行Ⅱ,5,396,-0.006357299608002506,-0.0037917725702695413,-0.0016831417319702127,0.00013008096564519735,0.0013562217509585771,0.003546502631536358,0.007279848567893861,0.002827,
801785,农商行Ⅱ,10,391,-0.004230742672350184,-0.0023864466416327213,-0.000535341110453549,0.00017370382727293994,0.0010394982606925784,0.0024879547392084754,0.004590116835393551,0.001959,
801785,农商行Ⅱ,30,371,-0.0023105042203355555,-0.0013246154859995205,-0.0005772233552832684,0.00028197797198393533,0.0007095477933356311,0.001340343491638125,0.002949936900373491,0.001075,
801785,农商行Ⅱ,60,341,-0.001844900475160719,-0.0009384227758994733,-0.0004807992750356849,-5.9234450821103326e-06,0.00037083849917596273,0.0007855443355936987,0.002515260604722737,0.000687,
801785,农商行Ⅱ,90,311,-0.001261629384491596,-0.0007546144500956626,-0.00038054644152552805,-0.00014720344798279145,-2.5413703189725262e-05,0.00025363695927576083,0.002188546869542373,0.000349,
801785,农商行Ⅱ,180,221,-0.0005384879298230442,-0.0004432189147922924,-0.0003585367202544733,-0.00027988145931154464,-0.00016062598790108268,-7.295778710540321e-05,0.00039881025316488276,0.000303,
801785,农商行Ⅱ,360,41,-0.00020098066542480357,-0.00017940339292969577,-0.00015121223680696533,-0.0001316975600253245,-0.00010714256105764358,-7.076288135088637e-05,-4.394317022225181e-05,0.000107,
801784,城商行Ⅱ,5,396,-0.0064126879775107505,-0.002888482888059528,-0.0007749249353403252,0.0005782675156333853,0.0014740432056685193,0.003311195734884269,0.006712072386869038,0.002293,
801784,城商行Ⅱ,10,391,-0.003835969257446385,-0.0021328328510267155,-0.0003646171957371907,0.0007975618047423785,0.0016997486501766372,0.0028176898829073782,0.0042262943757365905,0.002093,
801784,城商行Ⅱ,30,371,-0.002037397782182089,-0.0010971110396593479,1.7528022472770128e-06,0.00037519622656917803,0.0010193110164016252,0.001807743622415169,0.0027294980394973246,0.001235,
801784,城商行Ⅱ,60,341,-0.0013394545440715824,-0.0005906912075742199,5.077869756960644e-05,0.00030808829617529353,0.0006070112876593841,0.0008968364532440748,0.0021854860793566414,0.000687,
801784,城商行Ⅱ,90,311,-0.0010365761535871228,-0.00031625068884886295,-0.00017393747536413023,-5.449645756497215e-05,0.00019345723912992426,0.000651059852898504,0.0018978166452283578,0.000324,
801784,城商行Ⅱ,180,221,-0.0005791907057839869,-0.00030291017584682694,-2.8287861936773825e-06,5.349363035728882e-05,0.000116191213902137,0.00019031643022801394,0.00034800509390236795,0.000173,
801784,城商行Ⅱ,360,41,1.5447812135578856e-05,1.905452662515409e-05,2.1847342681836137e-05,2.8528226671513646e-05,3.912265965826411e-05,5.8863678172939954e-05,7.310601535993266e-05,2.2e-05,
801783,股份制银行Ⅱ,5,396,-0.006270763919760066,-0.003604868477349732,-0.0013984794737567407,-0.0002919844531341509,0.001138733818489263,0.003118304488816722,0.0065948123871674095,0.002631,
801783,股份制银行Ⅱ,10,391,-0.004786855769568988,-0.0028949206687685575,-0.00098403543394553,0.0001233911334043441,0.0011590625118967149,0.0027806358852970952,0.004403741672830538,0.002249,
801783,股份制银行Ⅱ,30,371,-0.002735247084177806,-0.001740271714639381,-0.0008937553994113809,-0.0002981179792155453,0.0003889995431913583,0.0011120004686531594,0.002953665697498316,0.001176,
801783,股份制银行Ⅱ,60,341,-0.00209741814951806,-0.0012904556882796115,-0.000839177909362967,-0.00031908117351423497,0.00010440559543313165,0.0003873043294892224,0.001607622926608027,0.000782,
801783,股份制银行Ⅱ,90,311,-0.0015076951842086113,-0.0011322675214239545,-0.000862642873736793,-0.000672331590201886,-0.0004590572045426899,8.440030542804331e-05,0.001599096088720086,0.000837,
801783,股份制银行Ⅱ,180,221,-0.0011917039710055985,-0.0009703883956179518,-0.0009147785452148928,-0.0008477658827117529,-0.0007861734004484455,-0.00047385180572757105,-5.149136172728179e-05,0.000786,
801783,股份制银行Ⅱ,360,41,-0.0006324940920500589,-0.0006320315582646423,-0.0006220228358081908,-0.0006103352391033002,-0.0005930742930089654,-0.0005658468721883808,-0.000542812957570892,0.000593,
801782,国有大型银行Ⅱ,5,396,-0.006543497865872446,-0.003128161107596379,-0.0010148411162753425,0.0003363958837999474,0.0015558436325932823,0.0046763775251430495,0.0076669230419374144,0.002929,
801782,国有大型银行Ⅱ,10,391,-0.004207309745755433,-0.0020505282772935764,-0.0006042710953577084,0.0005225271519171035,0.0013306378625778828,0.0029725576803725385,0.005618475670663543,0.001874,
801782,国有大型银行Ⅱ,30,371,-0.0023313341290657186,-0.0009232521455996155,-0.00010045262882821272,0.0005127174978141163,0.000991893662068756,0.0017437744454901465,0.0031229128925935024,0.001098,
801782,国有大型银行Ⅱ,60,341,-0.0017584940663305775,-0.00036616983928130213,0.00026598716115936447,0.0006362206296209564,0.0009101959926352696,0.0012434549286448092,0.0016074130895545465,0.000829,
801782,国有大型银行Ⅱ,90,311,-0.0013591180365312605,-2.777368947968164e-05,0.0001810139737119838,0.0004108976451465969,0.0006055583541304093,0.0009454903713781417,0.0012041965808995288,0.000546,
801782,国有大型银行Ⅱ,180,221,-0.00048740274111525066,-0.000389281762672158,-0.00029693744487657356,-0.00016374402721901492,0.00012143632887884826,0.0006484003672050636,0.0008977876502342093,0.000359,
801782,国有大型银行Ⅱ,360,41,0.00010411458116709015,0.00011014836324531893,0.00011701481070474947,0.00012556611919510683,0.0001356628432051112,0.00015419952681878114,0.0001712313522403694,0.000117,
801994,教育,5,396,-0.013652105112162687,-0.005774532340627289,-0.0028365571690040655,-0.0011318246790130576,0.0012231380474230695,0.005182273162535427,0.01151632117684397,0.004289,
801994,教育,10,391,-0.008711276944952351,-0.004978910783552452,-0.00232811590337259,-0.0004701596579769162,0.0007696317635640109,0.0027217428042742506,0.006815179076281344,0.002934,
801994,教育,30,371,-0.005661847395991141,-0.003401350616913674,-0.001732363141429698,-0.0002914574544360018,0.0005020806907369687,0.0013925562217350172,0.0035905120807751805,0.002034,
801994,教育,60,341,-0.004100017376742842,-0.003213587646139847,-0.00193918665855904,-0.0008896753741033193,7.317627649561433e-05,0.001186750879777726,0.0021538872288798193,0.001674,
801994,教育,90,311,-0.004364035644575441,-0.0024981927774706284,-0.0011113835793816686,-0.0008780824647649046,-0.0003147234982671413,0.0006030727081270617,0.001556572334190269,0.000992,
801994,教育,180,221,-0.002797795029268059,-0.0018078892122609528,-0.000870914433370047,-0.0005082439193203744,-9.700058139226522e-06,0.00022040366890513463,0.0003028287959636306,0.000336,
801994,教育,360,41,-0.0009005210195762475,-0.0008972353874719714,-0.0008882353650051058,-0.000864842688554949,-0.0008364852817018859,-0.0008092951591646921,-0.0007812289781518923,0.000836,
801993,旅游及景区,5,396,-0.009808929908283732,-0.005251861584826479,-0.0016853052392667726,8.952649360764511e-05,0.0021808764397192237,0.004734162364434214,0.008341985881361393,0.003993,
801993,旅游及景区,10,391,-0.007086928003697693,-0.0036162801662080967,-0.0013542299163793875,-0.0002197555760254101,0.0014623822593028857,0.003588307438703216,0.005860203134536765,0.002772,
801993,旅游及景区,30,371,-0.004466133510211413,-0.0028182417195260706,-0.0012386088496467882,-4.446092959409114e-05,0.000851305093466666,0.002239431343603152,0.0030839897204390163,0.002008,
801993,旅游及景区,60,341,-0.0034540103442763995,-0.002126308326349662,-0.0010343258297344584,-0.0004636198462683045,1.7438824025841453e-05,0.0006999255090084566,0.001977632615916185,0.001041,
801993,旅游及景区,90,311,-0.0033974014587756693,-0.001861710090479269,-0.0007238369621603834,-0.0004313203194698624,-0.00014731472216600663,0.0003340867640012465,0.0013163351412472856,0.00064,
801993,旅游及景区,180,221,-0.0022228696344838987,-0.001534726105055711,-0.0008467976321467914,-0.0003163938717311106,0.00022721750105374427,0.00044960434671481017,0.0005390789264869923,0.000508,
801993,旅游及景区,360,41,-0.0007224412619371075,-0.0006981375805825775,-0.0006584582579621937,-0.0006186136992177765,-0.0005725033651517297,-0.0005029088309775071,-0.00043605507795793245,0.000573,
801219,酒店餐饮,5,396,-0.010843517582161871,-0.00620508561275716,-0.0016871723536447337,-0.0003300080946934991,0.001523710343597195,0.004570711524509115,0.009024732971869766,0.004183,
801219,酒店餐饮,10,391,-0.007145767471802117,-0.003956520363659282,-0.0016030456841677665,-0.00024029202424277011,0.001180251784125252,0.0027698794680258137,0.005777967876099342,0.00254,
801219,酒店餐饮,30,371,-0.005453204311507083,-0.001993885942776821,-0.0012724389123347694,-0.0002503075633643229,0.0004045998396258601,0.0021345153456874266,0.0035820204307920735,0.00167,
801219,酒店餐饮,60,341,-0.004709440371337619,-0.0016128897926375135,-0.0008189350275585249,-0.00042189710942371257,0.00021671985277958158,0.0012662002086889078,0.001954775241914007,0.001216,
801219,酒店餐饮,90,311,-0.00415899682448942,-0.0015016609454368442,-0.0008348693959521402,-0.000158037501227499,0.00046986903041320866,0.0006494795961912637,0.0012151678817860106,0.000775,
801219,酒店餐饮,180,221,-0.0022316128179508937,-0.0009164753136043278,-0.00015784207750051002,5.037936279150516e-05,0.0003059743643723132,0.0007158040230498477,0.0009483088950389985,0.000573,
801219,酒店餐饮,360,41,-0.0004524392442815164,-0.000440489249205331,-0.0004165869680865118,-0.0003921512929932072,-0.00036455656288024874,-0.0003172511304599906,-0.00027210249389751287,0.000365,
801218,专业服务,5,396,-0.008413415125986335,-0.003436473707892479,-0.0009842302233107236,0.0007849728277787537,0.002317875243337905,0.004743903801191157,0.00913134761903479,0.003372,
801218,专业服务,10,391,-0.005214418418013412,-0.002523520374395519,-0.0005335805156786648,0.0004120939405423688,0.0014750784733029844,0.0030994867399941964,0.0062357636800733154,0.002225,
801218,专业服务,30,371,-0.003525787667545594,-0.0011201092672886992,-0.0005251951723864419,0.00010864895707510802,0.00091292795823994,0.002367084404358271,0.00395017441734457,0.001205,
801218,专业服务,60,341,-0.0024242869288803814,-0.0011683822692725408,-3.99048279412708e-05,0.00015081101217903704,0.00037235564981959044,0.0011598708527077368,0.002524335276021888,0.000886,
801218,专业服务,90,311,-0.001384609030194627,-0.0004473843583082363,-2.5582698236489647e-05,0.00019312673746263827,0.0005309354600595449,0.0012734619168043991,0.0019033506834160786,0.00054,
801218,专业服务,180,221,-0.00042631111882429574,0.0003842369295526848,0.00045208049255987965,0.0004885390252896613,0.0008995708042777666,0.0010299476639843,0.0011147929339104894,0.000488,
801218,专业服务,360,41,0.00034465991383960987,0.00036995005913098713,0.0003950750272201365,0.00042009392054537166,0.0004464650865714132,0.00048509751955968215,0.0005353202572434083,0.000395,
801216,体育Ⅱ,5,167,-0.017828620419795167,-0.008823726149115096,-0.00406946640516236,-0.0003775701109646387,0.002168772051748351,0.006386696084929256,0.013296543770559126,0.006011,
801216,体育Ⅱ,10,162,-0.011688773740180713,-0.006945001586503483,-0.002793668514182578,-0.00035023995548425836,0.0016459790116896385,0.0037723612266247846,0.007509823207676829,0.003767,
801216,体育Ⅱ,30,142,-0.005748564836479945,-0.003907889311734718,-0.0012298796300637402,-0.0002606856010961249,0.0009688109961439864,0.0019847214741196616,0.00446924276487859,0.001985,
801216,体育Ⅱ,60,112,-0.004417346053692023,-0.002441695407172013,-0.0011808797559684982,-0.000506262161314474,-0.00022280458253534096,0.0002821305294064166,0.0004452610863170058,0.000453,
801216,体育Ⅱ,90,82,-0.0024472496993323558,-0.0023831142792388907,-0.00230085275731458,-0.002081235254722792,-0.0018676631000207533,-0.000825764004318378,0.00041397618675711973,0.001868,
801216,体育Ⅱ,180,0,,,,,,,,,样本不足(<30)
801216,体育Ⅱ,360,0,,,,,,,,,样本不足(<30)
801207,旅游零售Ⅱ,5,167,-0.01542953685807395,-0.009925748119587189,-0.0069749329095813144,-0.0037673151758016938,-0.0007375986486234275,0.0054616604274207396,0.012553066527667411,0.007264,
801207,旅游零售Ⅱ,10,162,-0.011298163224119563,-0.00762254537186384,-0.004020996189503014,-0.0018388576723511953,-0.00033529794511159817,0.0028220407770452953,0.0065041249715913204,0.004237,
801207,旅游零售Ⅱ,30,142,-0.007311000879811117,-0.004787626047625715,-0.0019828768041537546,-0.0006002100837325137,-9.694320618494544e-05,0.0011959663967182183,0.0020508409027127856,0.001667,
801207,旅游零售Ⅱ,60,112,-0.0038807631109301225,-0.0035992065488261666,-0.003338862983831037,-0.0024756826148293427,-0.0014938323700658682,0.0005785612564558873,0.0014995628484317848,0.001868,
801207,旅游零售Ⅱ,90,82,-0.0022423801482840456,-0.001766223894853452,-0.0014172618574783955,-0.0010857357941775779,-0.0007611280119092232,-0.00014025702587891056,0.0003492621891663743,0.000761,
801207,旅游零售Ⅱ,180,0,,,,,,,,,样本不足(<30)
801207,旅游零售Ⅱ,360,0,,,,,,,,,样本不足(<30)
801206,互联网电商,5,396,-0.010645855232068336,-0.005782836277439914,-0.0021709705222551384,-0.000208141367692994,0.0014161635241699137,0.005895889390622785,0.010575476714406425,0.004535,
801206,互联网电商,10,391,-0.0075591209136690795,-0.003875698533762252,-0.0018045253219565896,-0.0003824367222351429,0.0007254016656831787,0.003032209265683071,0.007583853063656444,0.002706,
801206,互联网电商,30,371,-0.0046271905121732905,-0.0022698693262385673,-0.0010951770065869028,-0.00039071111640661196,0.0007541635150784956,0.0019365178929142356,0.0035189867632958887,0.001642,
801206,互联网电商,60,341,-0.003028242948541823,-0.0014295466827519043,-0.0006073140543795073,9.52206201985294e-06,0.0006106010204640401,0.0011141051048020002,0.0017806954177128304,0.001093,
801206,互联网电商,90,311,-0.0019467799153613677,-0.00122979536892998,-0.001003953079511927,-0.00030675580774804507,5.829846212484572e-05,0.0007771269163070298,0.001526117475077493,0.001109,
801206,互联网电商,180,221,-0.0013751195804658433,-0.0009185136112885225,-0.0005963021728590966,-0.00043704066985543683,0.00015000835071499465,0.0005273171100754979,0.0009281561489284772,0.00062,
801206,互联网电商,360,41,-0.00032266820772168975,-0.00029493750356096506,-0.00027042201914762796,-0.00024171971731025782,-0.000208652419777404,-0.00017479342427915949,-0.0001466630797015346,0.000209,
801204,专业连锁Ⅱ,5,396,-0.012254496873002424,-0.006639475657299779,-0.002746568230254723,-0.0009197496554086015,0.0012343347660954429,0.004076342523145819,0.009527036898144998,0.004004,
801204,专业连锁Ⅱ,10,391,-0.009062389297895088,-0.004692847649172958,-0.0016890554371225383,-0.00034725475246874,0.0007605461654619796,0.0026910685696818395,0.0052276294138676295,0.002715,
801204,专业连锁Ⅱ,30,371,-0.0060079997605427225,-0.0024308931114987633,-0.0011401120022980315,-0.00044707317356004473,0.00014346028062534416,0.0008552998132996576,0.002255396281318849,0.00106,
801204,专业连锁Ⅱ,60,341,-0.0032547497557582398,-0.001925023861086492,-0.0012188374509417127,-0.0008112604354972297,-0.0005207215126223087,0.0002166027065554891,0.0007656100923889977,0.000808,
801204,专业连锁Ⅱ,90,311,-0.003566257079291712,-0.0016302886569681562,-0.0011732376278580576,-0.0010316264002597974,-0.0007492059778677667,-0.00014281583807799366,0.00032042894108983983,0.000749,
801204,专业连锁Ⅱ,180,221,-0.0020713517509626488,-0.0012389563707418717,-0.0006369742486661016,-0.0006032406651815933,-0.000569940481518382,-0.0004850273316705112,-0.00044263281690018014,0.00057,
801204,专业连锁Ⅱ,360,41,-0.000997818121559343,-0.0009862977138986129,-0.0009835979186058827,-0.000977288657314295,-0.0009617798882770758,-0.0009353502985095596,-0.0009041761797682586,0.000962,
801203,一般零售,5,396,-0.01011487437565814,-0.005062608995461256,-0.002174511298887039,-0.00014683161630621742,0.0015341207153400911,0.0040738070426360835,0.008371942940028928,0.003536,
801203,一般零售,10,391,-0.006350790929748277,-0.00354601629893709,-0.001322969879704465,-0.00017866290878484204,0.0009475879881807868,0.002574591698441954,0.005611665798188845,0.00239,
801203,一般零售,30,371,-0.004545960136912314,-0.0022996221179453014,-0.000516736255868299,3.613479002751877e-05,0.000531198150341309,0.0015253370683276533,0.0025569160090633757,0.001276,
801203,一般零售,60,341,-0.003792310399748056,-0.0020465990691744,-0.0008031852245035912,0.0001781736972238734,0.0006175510682735716,0.000811624474751935,0.001486148195361807,0.000893,
801203,一般零售,90,311,-0.0030018266928010726,-0.0026258538355011414,-0.0005780483093831378,-0.00017703756072437408,0.00038602069620119635,0.0005564410840588423,0.0011509498670647792,0.000644,
801203,一般零售,180,221,-0.0023853332765969033,-0.00177240047935994,-0.0010083889963196718,-0.0004558699187498311,0.000254550498472873,0.0006033098756332286,0.0006659163988788068,0.000637,
801203,一般零售,360,41,-0.0007204393814320418,-0.0006812939118971136,-0.000637501875205206,-0.000601129247317681,-0.0005652419307386156,-0.000507013410934698,-0.000453374499129088,0.000565,
801202,贸易Ⅱ,5,396,-0.009671509372467371,-0.004846247121019451,-0.0016750655700855151,0.0006484743775771549,0.0025848111164148077,0.0055327979211787495,0.00960506234150417,0.004047,
801202,贸易Ⅱ,10,391,-0.007111353455209615,-0.003707164246767378,-0.0010406418114553416,0.0008031271674954849,0.0023112353617575445,0.0036563614317554442,0.005971692317490681,0.003021,
801202,贸易Ⅱ,30,371,-0.006044021288801411,-0.001795435490087789,-0.00010145155509198735,0.0005746221477896998,0.0010909207378336063,0.002102030290219404,0.0030331466651045713,0.001546,
801202,贸易Ⅱ,60,341,-0.003132558663571041,-0.00117595814067947,8.921474799661511e-06,0.0005911090603321953,0.0011236712214085754,0.0015764628418991557,0.001987611663029322,0.001249,
801202,贸易Ⅱ,90,311,-0.002799024565369012,-0.000996802724706346,0.0002026230326179899,0.0008413537740780534,0.0011753798153873165,0.0014603471563963233,0.0018000797886065037,0.001239,
801202,贸易Ⅱ,180,221,-0.0010330352543923111,1.166860475543653e-05,0.0007416943625419463,0.0009597521645479094,0.0011875545263415836,0.0014767556093162161,0.0015569594841371931,0.000997,
801202,贸易Ⅱ,360,41,0.0003749828514283033,0.0004115891934856759,0.0004378514561519855,0.00045920991939165317,0.0004752960561884981,0.0004976699513849941,0.0005257974323113394,0.000438,
801183,房地产服务,5,396,-0.011759858435645292,-0.006145007426484996,-0.0023213636496600518,0.00010620237131712493,0.002466060929983959,0.005568427428356058,0.01079959410160412,0.004785,
801183,房地产服务,10,391,-0.007763839458921578,-0.003786867931361175,-0.001505961233855678,-0.00027050890509477943,0.0008534910102228551,0.003358583822767009,0.0068318594805091715,0.002657,
801183,房地产服务,30,371,-0.004192377564908191,-0.0017931130228968418,-0.0005245280472718293,-1.2437001507124329e-05,0.00048445742327755026,0.0013655422236329817,0.002993694382349738,0.001181,
801183,房地产服务,60,341,-0.0037811862609428938,-0.0013391449010088825,-0.0006817345491592821,-0.00032358262572214065,-0.0001078143732948609,0.0006685910009450018,0.001320693846446899,0.000829,
801183,房地产服务,90,311,-0.003802990327986024,-0.0012607490704404445,-0.000491383859491545,-0.00037747235596658505,-0.00014138262349998524,0.000467022339013702,0.0007591787617945971,0.000559,
801183,房地产服务,180,221,-0.002007441801590168,-0.0010267250975586027,-0.0002821328131220238,-0.0002085732844210047,8.485602046974321e-05,0.0001229759443078566,0.00026535476263111866,0.000256,
801183,房地产服务,360,41,-0.0006369619745146205,-0.0006198510987644188,-0.0005984790672416808,-0.0005750072415747241,-0.0005476076597115731,-0.0004913405012578441,-0.00043075982809827307,0.000548,
801181,房地产开发,5,396,-0.008684171978883451,-0.00481566250089339,-0.0017407709437066647,4.3859127373760995e-05,0.0015673396607086719,0.004790466382324674,0.008060667092308602,0.003706,
801181,房地产开发,10,391,-0.005977440904372528,-0.0032687080687620338,-0.0013037380926980476,-0.00021364048371930468,0.0006579734220257468,0.0025413777219328144,0.0053891366942355225,0.002246,
801181,房地产开发,30,371,-0.004051342339401416,-0.002153635308734467,-0.000765010285782887,-0.00017387089427054703,0.0003978624642892985,0.0018955187008700073,0.0026317685885714013,0.001515,
801181,房地产开发,60,341,-0.0025825233350920845,-0.0013487974822340768,-0.0008252471033687157,-0.0004065908388263407,2.0503250947915602e-05,0.0007177557153327588,0.002360935988011756,0.000979,
801181,房地产开发,90,311,-0.0017949525662002913,-0.0010874325267116417,-0.0008793100945950769,-0.0007469928920023843,-0.0005658386076490709,0.0007822119029393345,0.0020164681120808294,0.000957,
801181,房地产开发,180,221,-0.0012963803378909218,-0.001098098907095544,-0.0005463885461962749,-0.00018091316587535416,0.0005576029905892892,0.0009264954257458379,0.0010997205602873493,0.000878,
801181,房地产开发,360,41,-0.0002184237241219967,-0.00018569997077867828,-0.00015439094233239424,-0.00013370127154222917,-0.00011533602339101499,-8.540240144712961e-05,-4.958694756492857e-05,0.000115,
801992,航运港口,5,396,-0.006642405705724021,-0.00289619286252372,-0.0008399240249082415,0.0009618151359067836,0.0021943174356747644,0.004243927192499374,0.008366957602025238,0.002927,
801992,航运港口,10,391,-0.004275966597805855,-0.0020211590382718234,-5.7247365294650807e-05,0.0007349281750039819,0.001583789549942466,0.0032461302241023793,0.005245472552550442,0.00197,
801992,航运港口,30,371,-0.0017626413634146388,-0.0008494129693516905,0.0001447123217909569,0.0006789113883013918,0.0011323484654902896,0.001826740608138934,0.003287873046213717,0.001166,
801992,航运港口,60,341,-0.0017633797383292907,-9.848409540819732e-05,0.00043223325560167423,0.0007311099774805733,0.0009037803122945631,0.0013309816924864711,0.002791206237597726,0.000846,
801992,航运港口,90,311,-0.0012166500599917788,0.00033886307064939433,0.0005515474762793478,0.0006625371591342845,0.0007535528865999015,0.001026393692155231,0.002035963782646527,0.000684,
801992,航运港口,180,221,0.0004018363435802259,0.000607092563617527,0.0006991169941420195,0.000736317167998622,0.0008028458483102835,0.0010703433189831182,0.0012727404995030605,0.000699,
801992,航运港口,360,41,0.0007070015141485666,0.000708895631089691,0.0007127835829628913,0.0007176698335472124,0.0007212033483205873,0.0007234801971979365,0.0007241621549113984,0.000713,
801991,航空机场,5,396,-0.009359725889777206,-0.004809632793707571,-0.002425514241371,-0.00029871122856163653,0.0012137903537219523,0.003723518510454408,0.007664993444993751,0.003495,
801991,航空机场,10,391,-0.0065441175547118445,-0.003192469294396242,-0.000930079629418858,1.6413563653205874e-06,0.0009728242087136892,0.002437633484624673,0.004175525262270627,0.002128,
801991,航空机场,30,371,-0.0028998824873901776,-0.0017026552109011216,-0.0009272526875878206,-0.00039549440197969273,0.00031450764104659493,0.0009308182363598359,0.00225286775366344,0.001085,
801991,航空机场,60,341,-0.0034626608790035,-0.0016842211065953622,-0.0007194826918526107,-4.1738440176982814e-05,0.000491909450464083,0.0009076083125966444,0.0013991037131758802,0.000983,
801991,航空机场,90,311,-0.0032079892273394425,-0.001947967341466726,-0.0009576616889217588,0.00011773968725693413,0.0003055384067912554,0.0009887168926026974,0.0015558867331226661,0.001219,
801991,航空机场,180,221,-0.0023115736851967873,-0.0016621860127321731,-0.0005088426122693239,0.00022674399762839307,0.0005824936736698098,0.0008705049337696186,0.0010756947482071877,0.000871,
801991,航空机场,360,41,-0.0004982153240228852,-0.0004447271404892651,-0.00039081076325891224,-0.0003570737943164417,-0.0003206251481671104,-0.0002652255097126987,-0.00021957907704424863,0.000321,
801179,铁路公路,5,396,-0.00508085915236859,-0.002472727333694809,-0.0012071852979693837,-0.000322864152799003,0.00028189148578122963,0.0017174565547510793,0.0039059271528134095,0.001617,
801179,铁路公路,10,391,-0.0036054784702442572,-0.0018222525144791133,-0.0008290899438665272,-0.00030669658290159854,0.00021622816330985127,0.0011389509594703425,0.002367293648667493,0.001136,
801179,铁路公路,30,371,-0.001684584613551185,-0.0011687370086194441,-0.0007592764039606813,-0.0005887673394521698,-0.00018516972206260491,0.00035541014867597346,0.0008637919522228564,0.00069,
801179,铁路公路,60,341,-0.0013516292704357593,-0.0009343434036076873,-0.0006608306185109871,-0.0005322274623713874,-0.00040289551017617264,-0.00016923177237857846,0.0004672722058069444,0.000517,
801179,铁路公路,90,311,-0.001057306277074057,-0.0008743657609122121,-0.0007647960268191975,-0.0006725592797222828,-0.0005896587653728033,-0.00039764654793981037,6.440389313048558e-05,0.00059,
801179,铁路公路,180,221,-0.000785850890562371,-0.0007299824925877823,-0.0006806902077104133,-0.0006670833234223483,-0.0006388904840090937,-0.0005621113322043813,-0.00048229920203676134,0.000639,
801179,铁路公路,360,41,-0.000652666473498285,-0.0006436443135157889,-0.0006342864459599134,-0.0006260955666443566,-0.0006163171078387236,-0.0006038316766789614,-0.0005941178090826644,0.000616,
801178,物流,5,396,-0.005856708282742004,-0.00331081566335892,-0.0008978869991496997,0.00016623336881904752,0.00104818251299522,0.003054913138101098,0.005618446677865613,0.002301,
801178,物流,10,391,-0.004802849943561958,-0.0013592275609809476,-0.00035381577205877314,0.00024345021865649388,0.0007290658804190305,0.0016357721425178746,0.003296907246098328,0.001225,
801178,物流,30,371,-0.0018680100380304425,-0.0010482475121022438,-0.0004587760241728152,7.953450092352103e-05,0.0005046255156000498,0.0012103364639360244,0.0017447518761759572,0.000863,
801178,物流,60,341,-0.0017899865325382454,-0.0008658408595301279,-0.0005634825912921033,-0.00016627233362930688,0.0002884735389842043,0.0007419643671693419,0.0014137926036256064,0.000676,
801178,物流,90,311,-0.001935455322652054,-0.0009601318572645152,-0.0005215163603300905,-0.00023293724962678713,-5.519289722307156e-05,0.0006982928368366704,0.0012687689970010056,0.000666,
801178,物流,180,221,-0.0009902311040773137,-0.0007687487060599422,-0.00042507394781767205,-0.00039734377976383687,-0.000220619080713521,0.00011901125348183103,0.0006145430119549465,0.000423,
801178,物流,360,41,-0.00035933155013963757,-0.0003253989526191579,-0.0002906016476419573,-0.00026552290831100705,-0.0002387340787055766,-0.00019918260141151117,-0.00015973720862923768,0.000239,
801163,燃气Ⅱ,5,396,-0.006977778551787933,-0.002933738647244212,-0.000386862978167833,0.000649866014921281,0.00194920072765715,0.0038048346666503512,0.007674228846602382,0.002753,
801163,燃气Ⅱ,10,391,-0.004820002379437912,-0.0019758327669633503,-0.0003889081489016701,0.0006686362669336435,0.0016208697607241122,0.0029111028342126716,0.004738018096560347,0.002045,
801163,燃气Ⅱ,30,371,-0.0027927997340880606,-0.0005422755622842782,0.0006291371044637769,0.0008523002503914801,0.0011087967446225494,0.0021153349224305898,0.0029771162696773843,0.001126,
801163,燃气Ⅱ,60,341,-0.0021656239178349675,-0.0002932868212737822,0.0006143723354130969,0.0009109516955308863,0.0012505206976151006,0.0016961279335162146,0.0025158052377193805,0.001192,
801163,燃气Ⅱ,90,311,-0.002070722434379864,-0.0003705422246632673,0.0007438434989447808,0.0011069801545510463,0.0013277765451901351,0.0017064432122799993,0.0020010748731519724,0.001259,
801163,燃气Ⅱ,180,221,-0.0005565049563859008,0.00023532441443268877,0.0011960710009725243,0.001392520347247815,0.0015304299257295614,0.001639827592099425,0.001805234147947567,0.001196,
801163,燃气Ⅱ,360,41,0.0007211507293970228,0.000747945191587673,0.0007780854738564142,0.0008041529711342448,0.0008290579218457002,0.0008630374860018736,0.0008992902836754622,0.000778,
801161,电力,5,396,-0.0058579600539691275,-0.0025512274973099724,-0.0006081304368352133,0.00041228630420286525,0.0014190546080667184,0.0030316107392325984,0.006142948790202411,0.002177,
801161,电力,10,391,-0.0037409490586770263,-0.0015426437727912804,-0.0004298039698578708,0.00036356347096025627,0.0012012089797331597,0.002139314625469721,0.004121265405579924,0.001513,
801161,电力,30,371,-0.0018702397708300904,-0.0006628701773647614,-9.475788342434664e-06,0.0004992979969190385,0.0007136019602639599,0.0011229310097431969,0.002493093708095291,0.000822,
801161,电力,60,341,-0.001406037378116374,-8.777358666047217e-05,0.00013643060697816008,0.00041858299429356423,0.0006361225103761158,0.0009240249016993166,0.0012313390702051407,0.000595,
801161,电力,90,311,-0.0009315445824302228,-6.853859864948835e-05,0.0001493825996758118,0.00034229674429032015,0.0005470812455107747,0.0007647707801933844,0.001188465512928955,0.00046,
801161,电力,180,221,0.00019641565965289047,0.000242784336484095,0.0003347427304360097,0.00039104131158346304,0.0004571953135149,0.0005076455645004608,0.0006014675641307466,0.000335,
801161,电力,360,41,0.0002555560786035212,0.0002781612471115207,0.00030718155130146424,0.0003284306799142998,0.0003494526980652905,0.00037098753961501416,0.00039088063529715475,0.000307,
801156,医疗服务,5,396,-0.010485083486556891,-0.004981363051625181,-0.001576356569035935,0.0008636933950426293,0.0028446266685965838,0.007324880971227647,0.01557596353654233,0.00459,
801156,医疗服务,10,391,-0.00728970315659899,-0.004141107878812892,-0.0008069036345346497,0.0005604617212790449,0.0021014996326012346,0.005257236348322647,0.01082546266130818,0.003601,
801156,医疗服务,30,371,-0.003997670960386039,-0.002412872608259769,-0.00034891755642641104,0.0016631671420360673,0.0027003838336150253,0.0035279152858220314,0.007149253054305282,0.002713,
801156,医疗服务,60,341,-0.002219824183939961,-0.0013180760690530225,-9.961612382532876e-05,0.0006129241088165642,0.0015792576992765467,0.0031010668128102713,0.005598480411255549,0.00167,
801156,医疗服务,90,311,-0.0009918014348947832,-0.0005255576420032384,0.00015557006716829412,0.0004308329759303023,0.0007084643729456295,0.0028861562991073977,0.004402085446820655,0.000735,
801156,医疗服务,180,221,-0.00021974811482768309,-0.00010589173674411104,0.0002567731616432269,0.0007514557904549998,0.0010500840042490754,0.0016297469075932103,0.002130536682338296,0.000325,
801156,医疗服务,360,41,0.000766491852343116,0.0007853991223853678,0.0008433412408365409,0.0008830358077806209,0.0009107279028050862,0.0009379412223623208,0.0009638214339142081,0.000843,
801153,医疗器械,5,396,-0.007844660710354202,-0.0034753728036557583,-0.0011405659696730533,0.00042170615979368473,0.0015517165864738127,0.0034953700900584514,0.006913604277851726,0.002815,
801153,医疗器械,10,391,-0.0048950356694474366,-0.0025134612265781593,-0.0010894718376552768,-0.00019832849934632135,0.000609449093658102,0.002166410933968215,0.004566956284906637,0.00175,
801153,医疗器械,30,371,-0.002757003652834689,-0.0017950132999651988,-0.0009808295865182137,-0.0004378060165013265,6.69740141791629e-06,0.0013476034692012433,0.0030198997597396743,0.001311,
801153,医疗器械,60,341,-0.001861481564323652,-0.0015054967779072348,-0.0009685774567070156,-0.0005587685804313195,0.0002138841821277628,0.0008469802000400442,0.0021147833831688936,0.000956,
801153,医疗器械,90,311,-0.0018036814010909475,-0.0011804234865871283,-0.0007347158619707382,-0.0005058179527047952,-0.00023913937282880296,0.00040682810450960185,0.002105627709457805,0.000807,
801153,医疗器械,180,221,-0.0010908677980596333,-0.0009086480575649124,-0.0006632970589039472,-0.00043772669676477683,0.00011019093786075617,0.0006242938127300685,0.0009083703345913333,0.000668,
801153,医疗器械,360,41,-0.00026075785829926307,-0.00023161012615785344,-0.00021016143897108083,-0.00019508630466600076,-0.00017928864502294003,-0.00015959255362907497,-0.00012792906021158413,0.000179,
801154,医药商业,5,396,-0.008850521484530225,-0.0042644243171649325,-0.0014112176475473371,-1.741668364560146e-05,0.0013091182510478847,0.0038260081381060263,0.008657678196568347,0.003169,
801154,医药商业,10,391,-0.005281047194919085,-0.00328820001179646,-0.001505947197454982,-0.00012163090735191672,0.00097053448460418,0.0024378305806518896,0.005220251845404702,0.002315,
801154,医药商业,30,371,-0.0030199730425549912,-0.0013906887456044416,-0.0005529558779990441,0.000248729820775626,0.0007612688071408476,0.0013096447987619717,0.0021725086137188714,0.001058,
801154,医药商业,60,341,-0.0023706911021590693,-0.000994881996162146,-0.0002850711875676332,0.00018011585511774138,0.0004309717729996006,0.0008524811744703918,0.0011867945731596744,0.000761,
801154,医药商业,90,311,-0.002426982171707911,-0.001014420371638656,-0.0001704732707717495,8.45348513571465e-05,0.00019479050992826492,0.00048566059602857134,0.0008174149710386953,0.000466,
801154,医药商业,180,221,-0.001420437562836093,-0.0008697294963382051,2.2312227461345826e-06,0.00013276418258114983,0.00026707148830471173,0.00036770052920436804,0.0004162211329743828,0.000355,
801154,医药商业,360,41,-0.00030646598979478743,-0.0002833128360235608,-0.00026072158696136395,-0.00023835773128005422,-0.00021908282692502208,-0.00019944463885499084,-0.00016968250388468243,0.000219,
801152,生物制品,5,396,-0.009424209692276331,-0.004552946793364792,-0.001526417741845248,0.00036564751905560143,0.0016462314068894492,0.004255405461342511,0.008372189366850226,0.003331,
801152,生物制品,10,391,-0.006227443263824244,-0.0032185599924682107,-0.0013493960179631053,-5.78756921078117e-05,0.0008820194734697562,0.0025266563340179283,0.005258695980373086,0.002189,
801152,生物制品,30,371,-0.0030849840091129897,-0.0018633859571927222,-0.0009546980213192698,-4.400445377891845e-05,0.0005967409565776583,0.0016556455046239874,0.0032954847017060505,0.001479,
801152,生物制品,60,341,-0.002096236052200211,-0.0014792913492062605,-0.000707402351436941,-0.00046615921365741555,-0.00016629109135078034,0.0012301118842306439,0.0025115014749056866,0.001077,
801152,生物制品,90,311,-0.00216995322411746,-0.0014540939316381903,-0.0009474652077390677,-0.0007010733606433151,-0.00041146461311852806,0.0006218980421490058,0.0022054397013305744,0.00097,
801152,生物制品,180,221,-0.0013322405542503133,-0.0011425424576703605,-0.0010492682141127726,-0.0009574492476506424,-0.0004205221022707443,0.0004138128342199304,0.0010684417071462335,0.000991,
801152,生物制品,360,41,-0.0004698663018616412,-0.0004295680234837002,-0.0003916831024830264,-0.0003699117615853948,-0.0003529978820012019,-0.0003272396315764934,-0.00028191984659553445,0.000353,
801155,中药Ⅱ,5,396,-0.00688711677926678,-0.0036444695722826883,-0.001554422927505615,-0.00023030699184800222,0.0008207201549334359,0.0027904154788305456,0.00523692128425775,0.002438,
801155,中药Ⅱ,10,391,-0.004649840300677328,-0.0026939213514287686,-0.0013589278022541444,-0.0004805717375934571,0.00031769071660155856,0.001908842742781454,0.003457905977555017,0.001789,
801155,中药Ⅱ,30,371,-0.0025121535897846595,-0.0013307322712624269,-0.0006571207832721626,-0.0004238340679085198,-9.301669615202095e-05,0.0006277220192503802,0.0022829456058926115,0.000737,
801155,中药Ⅱ,60,341,-0.0017328996416091109,-0.0008803789531303291,-0.0006361194249069373,-0.0003063010335724721,-0.00018647250362154396,0.00044425647825070724,0.0011927787492049984,0.000654,
801155,中药Ⅱ,90,311,-0.001637858452453177,-0.0007555907141387496,-0.00058381814388861,-0.0005250608648961658,-0.00039356721628092345,0.0001998906081842666,0.0008889318291029765,0.00056,
801155,中药Ⅱ,180,221,-0.0011290983606605076,-0.001009423784168159,-0.0006736009104664958,-0.0005461073270537129,-0.00023602148466849167,0.00010881537887502579,0.00041363867995279093,0.000434,
801155,中药Ⅱ,360,41,-0.00046738353028137744,-0.00044064878348814434,-0.0004140826574634268,-0.0003934606673441548,-0.0003749290330084044,-0.00035322009677065123,-0.00033568119927393286,0.000375,
801151,化学制药,5,396,-0.009367650173291973,-0.004489584117841103,-0.0019108773807382953,-0.0002845804511388008,0.001553166737858658,0.005605831246715544,0.011037993217921892,0.003762,
801151,化学制药,10,391,-0.006368690928944615,-0.0036434921735031735,-0.0011456616877666753,0.00015521899469455024,0.0013752878253871705,0.0036096469788844867,0.007024641600378818,0.002757,
801151,化学制药,30,371,-0.0032349566980399876,-0.001711932352391538,-0.0005143645665268037,0.0005014292958179122,0.0011532821642288508,0.002068983834220221,0.004602713401297126,0.00159,
801151,化学制药,60,341,-0.0018960729939162437,-0.0012875610609806981,-0.0007523571343291912,-0.0002733260161999437,0.00047260979352501894,0.002152105477922967,0.003583312989728136,0.001343,
801151,化学制药,90,311,-0.0014056856406225993,-0.0011777299327521543,-0.0009314125031068816,-0.0007874149853268152,-0.00027159939125658456,0.0024016873421366883,0.0034193913073091438,0.001135,
801151,化学制药,180,221,-0.001146670307540117,-0.0010509986661910904,-0.0009254149038127584,-0.0008489008157465686,-0.00033193518905646894,0.0008406750490608467,0.0019084174867155031,0.000983,
801151,化学制药,360,41,-0.0001890998247655272,-0.0001115836941485946,-4.0456589961892456e-05,6.093995359493515e-06,4.380523805790664e-05,9.885605222867132e-05,0.0001710439755452873,8.8e-05,
801145,文娱用品,5,396,-0.010621429994251603,-0.004229175477666806,-0.0012795489468700844,0.0002970171103101483,0.002474503402240124,0.004802989003369793,0.009813539515858616,0.003685,
801145,文娱用品,10,391,-0.0074670463722716915,-0.003080241083464808,-0.0006164176450171701,0.0003876675815983594,0.0013170049510683609,0.0031483756751020586,0.0062592795192585775,0.002482,
801145,文娱用品,30,371,-0.004924441549551945,-0.002215780304119624,-0.0004888883551155225,0.0003463449761262595,0.0009091163013280083,0.0019149053369800423,0.0032919093384188108,0.001419,
801145,文娱用品,60,341,-0.003086710188084657,-0.0010096899622638138,-0.0003028290788061059,0.00022023196274455157,0.0005297275510434833,0.0008900921520042115,0.001372394088227123,0.000797,
801145,文娱用品,90,311,-0.0029334372731495448,-0.0004929260637207616,-0.0001688056483138838,5.3286001082368784e-05,0.0002560626491547443,0.0008020855319030348,0.0012557907244424556,0.000493,
801145,文娱用品,180,221,-0.001249683458872526,-0.00022976441151388577,0.0001364618357129377,0.00016656020837143204,0.00020492479270077307,0.0002802852072028061,0.0005423801457349206,0.000217,
801145,文娱用品,360,41,-0.00019974536293178486,-0.00016773115012611007,-0.00014045953224940628,-0.00011967987769290326,-9.513874408467831e-05,-5.6209667908638875e-05,-9.925580521701528e-06,9.5e-05,
801142,家居用品,5,396,-0.00744273671333625,-0.00324511361944306,-0.0007908620984278849,0.0005233731530229736,0.0019851670283987277,0.0037627172106049454,0.006784360349319579,0.002795,
801142,家居用品,10,391,-0.0066127113951835095,-0.0025069468597022733,-0.00022979428229836835,0.0006596796739305894,0.001410838654088537,0.002716930626279663,0.00464869971851188,0.002131,
801142,家居用品,30,371,-0.0038781164596440806,-0.0014732772213112669,7.525320193633332e-05,0.0005765182548264622,0.0010007982167351017,0.0017434726385973677,0.0025128575535827563,0.001314,
801142,家居用品,60,341,-0.0027228847858881524,-0.0013202853222211634,-6.849836790579766e-05,0.0006935061561371337,0.000822197649292465,0.0010678309198830253,0.0016551240300558075,0.000974,
801142,家居用品,90,311,-0.0026872103244148494,-0.0013860846733628643,-1.1504197496949647e-05,0.0006521721523166679,0.00090074756561441,0.0012034507255431794,0.0014969731265141986,0.001055,
801142,家居用品,180,221,-0.001527236027133488,-0.0005193892844753613,0.00032135225176030494,0.0007211232308463868,0.0009666700418653319,0.0011624802146273825,0.0012093762737428592,0.000964,
801142,家居用品,360,41,3.124990992858611e-05,7.141854667259188e-05,0.0001091195035346662,0.00014042023102083269,0.00017292882342042444,0.00022290086327711898,0.0002789659139662936,0.000109,
801141,包装印刷,5,396,-0.008663672954613661,-0.003572364605389903,-0.00035268475737798804,0.001569072661269359,0.0028452643399294775,0.0053312352571618735,0.009218414288118513,0.003595,
801141,包装印刷,10,391,-0.006554630833070238,-0.0026674740594839113,8.600708158018539e-05,0.0012039396313434307,0.0021228569282640505,0.003938726124727052,0.006677867895022895,0.002785,
801141,包装印刷,30,371,-0.004100249678513447,-0.0009691750211177626,0.0007844007387569513,0.0010927571509597753,0.0015411236564191904,0.002271116696514262,0.003919903598229379,0.001596,
801141,包装印刷,60,341,-0.003116787068721798,-0.0004558268202382761,0.0002602869079283,0.0007409864333333839,0.001308769870171546,0.0018679986950212882,0.00309199724064094,0.001145,
801141,包装印刷,90,311,-0.0027983355787202834,0.0001587394914717872,0.0007652899857927335,0.0009778873356803732,0.0013377243698101209,0.001881544172825031,0.002465288969115703,0.001176,
801141,包装印刷,180,221,-0.0006366552544565677,0.0008866986706289158,0.0013688689021952311,0.0014241651474063079,0.0014841300604722016,0.001501949168874146,0.0015864874159244094,0.001369,
801141,包装印刷,360,41,0.0006936179293095453,0.0007463996889087683,0.0007992822930283275,0.0008428055077426331,0.0008868864243484913,0.0009449243912007471,0.001006642100315486,0.000799,
801143,造纸,5,396,-0.00835874395749308,-0.003816070124740889,-0.0011849402848487583,0.000344033643505233,0.0018234624178026376,0.004436084455085771,0.007897829284885662,0.003228,
801143,造纸,10,391,-0.006294185777711873,-0.002030509403832004,-0.0002779794796813699,0.0005848433121121535,0.001257359621611928,0.0026472909326224724,0.00482474036320303,0.001875,
801143,造纸,30,371,-0.0038371315610233724,-0.0010783497822271914,0.00018569253876839854,0.0007809924529502087,0.0012988027361128382,0.0017280465544934115,0.0021246975478429104,0.001402,
801143,造纸,60,341,-0.0024840264661052584,-0.0012521105226523694,4.218590131017694e-05,0.0005189656134583113,0.00074227833998119,0.001288004901166913,0.0017940896209122923,0.001057,
801143,造纸,90,311,-0.0027602724642209,-0.0008943494412294124,0.0001573434901474125,0.0004430291919191707,0.0007309842742263177,0.0011861068291360286,0.0015455259724506116,0.000882,
801143,造纸,180,221,-0.0012441314736699905,-0.000410333156142869,0.00041780641238157247,0.0006858161585381595,0.0009331998146225587,0.0010563464404360911,0.0011148040010957893,0.000898,
801143,造纸,360,41,9.825170945793704e-05,0.00013235734434366347,0.00016301017074638312,0.00018838333786255543,0.00021736326013442546,0.00025528718707033447,0.0002905377341875183,0.000163,
801133,饰品,5,396,-0.01067931690123469,-0.006105014373099786,-0.002549963111830105,-0.00021398244644468264,0.0018231120588660908,0.005474027954446894,0.01082066516241404,0.004525,
801133,饰品,10,391,-0.006990595717884517,-0.004303308353585318,-0.002032016970738207,-0.0008208553196681742,0.0006763138627972713,0.0033901753944531156,0.007532879228986985,0.003056,
801133,饰品,30,371,-0.004591079678743046,-0.002112754418892226,-0.0011446581088138711,-0.0004905980223545196,0.0003492831359606619,0.0018289014525696642,0.004922147832909201,0.001505,
801133,饰品,60,341,-0.0032556147016884083,-0.0019035646451072532,-0.0011810459780227682,-0.0002339132429436999,0.00019617221107348878,0.001437406948005968,0.0033302270963574314,0.001469,
801133,饰品,90,311,-0.002982076295830239,-0.0015781580182516438,-0.0009543634547202982,-0.0005241287171200592,-0.00014209899716884997,0.0009982290786208637,0.003337197583989365,0.001101,
801133,饰品,180,221,-0.0016276147367864733,-0.0010933280847293273,-0.0005871652752575894,-0.00044796142572293485,-0.0003618863909003364,-0.00014580819963006845,0.0009656698974231509,0.000539,
801133,饰品,360,41,-0.0005488169156573478,-0.0004870720537065105,-0.0004317253729156363,-0.00038573483045595806,-0.0003331482292158612,-0.0002587814774711532,-0.00017693432680809495,0.000333,
801132,服装家纺,5,396,-0.008363652296028715,-0.003875747006769451,-0.0006987535784338726,0.0010443092205692289,0.0023831792027133613,0.004907800369539217,0.008254252587915355,0.00334,
801132,服装家纺,10,391,-0.005110278002716512,-0.002607584074492883,-0.000328375389261897,0.0007953126422317635,0.0017559409604320463,0.0031424928408985394,0.005160122792794749,0.002262,
801132,服装家纺,30,371,-0.0027314938696563302,-0.0009303627277878167,-0.00019935319683576076,0.0004019133862012382,0.0011470331783044927,0.0018123616279555753,0.002492613763046444,0.001275,
801132,服装家纺,60,341,-0.0013945480514943136,-0.00035338112851086785,9.675722509871223e-05,0.0003940091224047865,0.0006531968394346996,0.0009962744883276267,0.0012296130116882552,0.000645,
801132,服装家纺,90,311,-0.0014131414445689597,-5.171732506152217e-05,0.0002001377054937407,0.0005231794654517029,0.0006322872681392825,0.000767445609736363,0.0010466961377570186,0.000572,
801132,服装家纺,180,221,-0.0005227864274519945,0.0001093683396726917,0.0004588239172194995,0.0005009920704590315,0.0006826467765710495,0.0007849690113141536,0.0008172267206006205,0.000509,
801132,服装家纺,360,41,0.0002419024193820099,0.0002613459736376446,0.00027815124327232565,0.0002996603736322222,0.00032021646182912975,0.0003504652112285494,0.00038638778917601086,0.000278,
801131,纺织制造,5,396,-0.008592804718984316,-0.003879408824659136,-0.0009969809888749042,0.0011912850249780164,0.0025286865572711013,0.004977965738997612,0.007532061217193423,0.003635,
801131,纺织制造,10,391,-0.006132544267408871,-0.002537900511920067,-0.0005501462872512244,0.0007146534805875079,0.0017453833456806712,0.0032747697207539195,0.005030510534366867,0.002376,
801131,纺织制造,30,371,-0.003936030536209166,-0.0014070324361180901,-8.937996702244873e-05,0.000546969205577273,0.0009634055537462542,0.001956878262927667,0.0027644314395029834,0.001323,
801131,纺织制造,60,341,-0.001975617349847009,-0.0010675949411717597,-2.388010826530651e-05,0.0004800833275919861,0.000796875438997173,0.0010620365083400768,0.0015048719335965814,0.000926,
801131,纺织制造,90,311,-0.0020566835010343604,-0.0007905704732513912,-0.00034471262601119433,0.00026347053519190113,0.0009211358532934867,0.0011458245717696838,0.0012527764058695246,0.000946,
801131,纺织制造,180,221,-0.0011025716542095714,-0.0004460942356061286,0.0004246105561125903,0.0005663635986596978,0.0007405818424601672,0.001069571778983312,0.0011378479817011314,0.000754,
801131,纺织制造,360,41,0.00014191168129306178,0.00015692465081177968,0.00016765728465051213,0.00018115047931729618,0.00019623628594639704,0.00021622341337524647,0.00024119205905472939,0.000168,
801129,调味发酵品Ⅱ,5,396,-0.00636021835508839,-0.0035681558114480953,-0.0013549591881501237,-0.00033773161587813226,0.000874899553961364,0.0027911463768580547,0.006878336101965999,0.002559,
801129,调味发酵品Ⅱ,10,391,-0.004189652332379707,-0.0022218089599240574,-0.0009380578430008494,-0.00024928342930109846,0.0006694931672087437,0.001987751850716408,0.00408152528889691,0.001692,
801129,调味发酵品Ⅱ,30,371,-0.0019242083173312294,-0.0009245626229483464,-0.0004327170532868831,-3.2765953315461195e-05,0.0002583715348784621,0.0011866929630161274,0.0022552986998863244,0.000782,
801129,调味发酵品Ⅱ,60,341,-0.0015868813413223094,-0.0006076875439919022,-0.00013800166180899499,0.00015688618640972047,0.0003868781709165243,0.0006740493175082979,0.0009766784149177472,0.000519,
801129,调味发酵品Ⅱ,90,311,-0.0008185236335361143,-0.0004603783963306132,-0.00020502689675921812,-1.9142888750465956e-05,9.541992137926515e-05,0.00021402654444689553,0.00044377238624211055,0.000265,
801129,调味发酵品Ⅱ,180,221,-0.00015321764296771868,-0.00012203026265000498,-9.530036803643495e-05,-5.535637783530111e-05,3.368224365740319e-05,0.00010095346361604241,0.00013424881497431108,0.000102,
801129,调味发酵品Ⅱ,360,41,-5.3817993988873865e-05,-5.134553249543993e-05,-5.019782466002405e-05,-4.931320746907483e-05,-4.887738272223224e-05,-4.71595137784234e-05,-4.5885066798125976e-05,4.9e-05,
801128,休闲食品,5,396,-0.009606836017106336,-0.0050445781718696635,-0.0019824814351698246,-0.0005108620196692482,0.0011847308586654941,0.004203196305113403,0.008847313770083612,0.003377,
801128,休闲食品,10,391,-0.006864372742590034,-0.0035549966716258152,-0.0015232907027009788,-0.0001308891198501967,0.0013026721640538549,0.0028289954838093584,0.0053900334849440274,0.00249,
801128,休闲食品,30,371,-0.0038871199976750555,-0.0021284138502117734,-0.0006921782851266814,0.00017817801541344694,0.0008041814252778452,0.00183932772566613,0.0029409561987783516,0.001586,
801128,休闲食品,60,341,-0.0030581878537766366,-0.0014470591320612694,-0.000679467896922561,-0.00021816706612432516,0.00020236907982903822,0.0008194536059380431,0.0023419785658102565,0.000805,
801128,休闲食品,90,311,-0.002196582235668211,-0.0015911830070765203,-0.0004600379632925513,-0.00034359319450527544,-0.00018249509752641324,0.00013694088501453393,0.0010237394723457737,0.00048,
801128,休闲食品,180,221,-0.0015220307809915906,-0.0008472640037540118,-0.0003352015049348708,-0.00017295951383782115,-8.18328898259023e-05,6.925399647533836e-05,0.00027868876307565087,0.000182,
801128,休闲食品,360,41,-0.0005559750155105677,-0.0004994219284645448,-0.0004420869095323807,-0.00039716176189902595,-0.0003599018130171807,-0.00030023682704483843,-0.00024425500966102325,0.00036,
801127,饮料乳品,5,396,-0.005832171800143054,-0.003457521286320162,-0.001988080275856614,-0.0006910924549261247,0.00039547918092524756,0.002918134185267795,0.0061849888861442584,0.002725,
801127,饮料乳品,10,391,-0.004704769049738706,-0.002412090669926729,-0.001175348404152335,-0.00016667843088677574,0.0005469847972349249,0.0020922132599764413,0.0043445247653621025,0.001805,
801127,饮料乳品,30,371,-0.0025403695875550695,-0.001557070224490391,-0.00046509428602164397,-0.00014923302218196335,0.00021823006110168315,0.0013530673311499622,0.0026229503024903476,0.001085,
801127,饮料乳品,60,341,-0.0018489734724325886,-0.001257711800276388,-0.000504897429923569,-0.00013721676942036584,6.482246775483238e-05,0.0003281481425080117,0.0015325363691995539,0.000464,
801127,饮料乳品,90,311,-0.0012945136789381062,-0.0008909575153737639,-0.0006275683429905963,-0.0005971980067254374,-0.00026177667453893244,5.8898882038996736e-05,0.00031674256290679345,0.000583,
801127,饮料乳品,180,221,-0.0010654581619110835,-0.0008794512587324643,-0.0006415282128189458,-0.00046441523596680353,-0.0002338349073658127,-0.00016546410848479527,5.500052367273369e-05,0.00026,
801127,饮料乳品,360,41,-0.0005210298482823452,-0.0004948076348635377,-0.00046549130359532114,-0.0004419397465368719,-0.00041925530776039816,-0.00038474363808382357,-0.0003495555903140637,0.000419,
801126,非白酒,5,396,-0.006538909650812956,-0.0036254907513147846,-0.0016516498912578438,-0.00017203020446697606,0.0007891115630244678,0.0028242969896390387,0.007289849619850183,0.002487,
801126,非白酒,10,391,-0.004221323327789996,-0.002472723258134405,-0.0010851023115340656,-0.00031806204355665544,0.0005017795506194123,0.0019190857449895157,0.004139126592215356,0.001734,
801126,非白酒,30,371,-0.002481907769418997,-0.0013513930910530685,-0.0007287035849763446,-0.000426890785903642,-0.00021946424335073472,0.0005770332326845195,0.0027049807892335015,0.000808,
801126,非白酒,60,341,-0.0018857904242330793,-0.0009636898186136063,-0.0007443693664457206,-0.0006240152645135637,-0.000295502675827394,0.00015197956607134236,0.0009711693243277275,0.000709,
801126,非白酒,90,311,-0.001965330872231235,-0.0010233791906589782,-0.0006931236250819187,-0.0005233836650462516,-0.0004135941819783627,-0.00030663674187762985,0.0002151322099782105,0.000488,
801126,非白酒,180,221,-0.0011640841257462128,-0.0009521554393933308,-0.000644113721225406,-0.0006290959938261127,-0.0005976996232875698,-0.0005331239836047182,-0.00013941721260385436,0.000598,
801126,非白酒,360,41,-0.0007384267710634465,-0.0007134181720136468,-0.0006818120790057977,-0.0006522017022606591,-0.0006224357753204646,-0.0005794811886794516,-0.0005372262611689077,0.000622,
801125,白酒Ⅱ,5,396,-0.007822219571667049,-0.005105519257350317,-0.0029706557222994073,-0.0013667398601127068,0.00022770996539584664,0.0027093452418197397,0.007735036661234398,0.003313,
801125,白酒Ⅱ,10,391,-0.006135479524591631,-0.0038462790773089927,-0.0019646494780546156,-0.0010243504365251795,-3.5935880842209895e-05,0.0019190528801099984,0.004588943100295296,0.002303,
801125,白酒Ⅱ,30,371,-0.004081905030971735,-0.0022016495712310737,-0.0015061125352012867,-0.0009556913107673676,-0.0002706538359557917,0.0006360215091341592,0.0024641185655714143,0.001382,
801125,白酒Ⅱ,60,341,-0.0026464449540267642,-0.001785588466811332,-0.0011758275702702093,-0.0007819860763239916,-0.0006734500307460631,7.184720415836569e-05,0.0010555685081525264,0.000845,
801125,白酒Ⅱ,90,311,-0.0025594319895694668,-0.001546073335176808,-0.001158656808700223,-0.0010409807525713867,-0.000932103035198613,-0.0005014379328623689,0.00034307665557676366,0.000932,
801125,白酒Ⅱ,180,221,-0.0016788694140781862,-0.001550982385009004,-0.0010043005687477447,-0.0006931748374131116,-0.00046442234718940286,-0.0004117418462964218,-0.00038065093400454207,0.000464,
801125,白酒Ⅱ,360,41,-0.0009662062802895939,-0.0009624549032024997,-0.0009553346334179146,-0.0009385627524860142,-0.0009204364949547845,-0.0008969288689719742,-0.0008654970405638161,0.00092,
801124,食品加工,5,396,-0.006849039743890602,-0.003314493051416071,-0.0009646999358100792,0.00030755274307989286,0.0015054380207978886,0.0031723104945208386,0.005480917085474063,0.002644,
801124,食品加工,10,391,-0.004762939485149141,-0.0019319348095651438,-0.00042205246136850424,0.00026775402237380223,0.0008933573899874938,0.0019069265509416376,0.0031766930264485746,0.001488,
801124,食品加工,30,371,-0.0018069792083430425,-0.0008114538076462044,-0.0003062663834135242,8.729093370205679e-05,0.0004620460555619144,0.0008714377083178409,0.0015377453790098652,0.000695,
801124,食品加工,60,341,-0.0018287259928872564,-0.00023761418976703854,1.7448772174198673e-05,0.0001086528610654126,0.00018029556176800052,0.00032491612288249527,0.000632541703207929,0.000238,
801124,食品加工,90,311,-0.0019148091439226789,-0.0004922300524954409,-7.845525587863484e-05,0.0001940716246000454,0.0002770527943581102,0.000340662390456795,0.0004212612391779513,0.000318,
801124,食品加工,180,221,-0.000983150139177062,-0.0004996984164301236,9.404041194014808e-05,0.0001570950152187044,0.00029078014751714014,0.00031347507604065654,0.0003404487734389824,0.000307,
801124,食品加工,360,41,-0.00021618120124100966,-0.0001861428017282814,-0.00015902251780644752,-0.0001379865919798323,-0.00011949842132506227,-8.363091691426021e-05,-4.6787993553347835e-05,0.000119,
801117,其他家电Ⅱ,5,167,-0.011887206896510407,-0.005382742089010518,-0.0022299720369641637,-0.0002949904927762611,0.0015449201779160098,0.005039990235751517,0.009056826141657284,0.004204,
801117,其他家电Ⅱ,10,162,-0.011198696551770877,-0.004194169588785066,-0.00160543750967208,-0.00019062245057075393,0.001155811984313121,0.0034721629266544147,0.006651352216270531,0.003085,
801117,其他家电Ⅱ,30,142,-0.007819660450695216,-0.001668710350291551,-0.00014545831618806076,0.0004970415024792478,0.0011030640136006713,0.0019435514240809706,0.0024990997344106073,0.001528,
801117,其他家电Ⅱ,60,112,-0.00409638389599056,-0.0034833118290189553,-0.0013912380527321773,-0.00022025530844582323,0.0001101029429742561,0.00045589537608205265,0.0016466889517111627,0.001229,
801117,其他家电Ⅱ,90,82,-0.002677404305767244,-0.0024548489439710714,-0.0021610806759848355,-0.0018648529438004707,-0.0015751745778260847,-0.0010457082928822144,9.176681102835606e-05,0.001575,
801117,其他家电Ⅱ,180,0,,,,,,,,,样本不足(<30)
801117,其他家电Ⅱ,360,0,,,,,,,,,样本不足(<30)
801116,家电零部件Ⅱ,5,396,-0.013390573298301858,-0.005964324858861536,-0.000813012431865688,0.0011210799523939264,0.0034543611869708585,0.007732488605507598,0.014309639114793788,0.005387,
801116,家电零部件Ⅱ,10,391,-0.009282266117882567,-0.004404133564292255,-0.0012128272390566248,0.0010071915381333512,0.0024729357429931643,0.005997610673689886,0.010345180176167885,0.004075,
801116,家电零部件Ⅱ,30,371,-0.006250282596729253,-0.003023898598665223,-0.0010397355779674844,0.0006227201041407476,0.0017881361218563202,0.0042609857044813,0.006561139906396701,0.002832,
801116,家电零部件Ⅱ,60,341,-0.003448298983917668,-0.002199792242242301,-0.0002985022165007731,0.0008438279356235439,0.0014618828318840598,0.003115749756415241,0.004944039351626754,0.002012,
801116,家电零部件Ⅱ,90,311,-0.002673453601740177,-0.0005433841822370649,-6.544397427681067e-05,0.0013146146916541885,0.0018962143780850609,0.0023219556909976516,0.004857452622541132,0.001612,
801116,家电零部件Ⅱ,180,221,-0.0007675489870286478,0.00043100375139135317,0.0013398841684248222,0.002023484814740567,0.0025518215011902288,0.003096400102802207,0.0033262048255920788,0.001462,
801116,家电零部件Ⅱ,360,41,0.0011335077274693185,0.0012057878837317046,0.0012738622833067595,0.0013216450134021826,0.001365049330189365,0.0014228010508505588,0.0014949604309254078,0.001274,
801115,照明设备Ⅱ,5,396,-0.008690648230394518,-0.003632576740101583,-0.00016459798489162856,0.0014438340488846122,0.0031090485585320146,0.0060354322152125365,0.010941666341158944,0.003918,
801115,照明设备Ⅱ,10,391,-0.009315968495696702,-0.0013280997159120151,0.00032930882472059433,0.0011308838648766471,0.002200793133032948,0.004212123143760177,0.007244762518783369,0.002283,
801115,照明设备Ⅱ,30,371,-0.0049241816782645,-0.0004233677803841204,0.0007565094254850508,0.0013618165257409459,0.002107778431195656,0.00275952880743197,0.0038853302704872092,0.001635,
801115,照明设备Ⅱ,60,341,-0.0027804102287941846,-3.39706027960758e-05,0.00037867429145309144,0.0009502416433263974,0.00141257735060765,0.0020365745624290237,0.0029616937857075776,0.001437,
801115,照明设备Ⅱ,90,311,-0.0013571929819110329,9.283713891385722e-05,0.0006848923118258027,0.0010439679732683472,0.0014274579872008046,0.002031120033688714,0.0028100597449833052,0.001209,
801115,照明设备Ⅱ,180,221,0.0005042965500765903,0.0008256263657392728,0.00091710169686383,0.0010426483671002172,0.0011295656803717775,0.001527526396779871,0.002033362400229801,0.000917,
801115,照明设备Ⅱ,360,41,0.0010247592459495585,0.0010270793441153271,0.0010316422690629379,0.0010342628643996033,0.0010401426555662454,0.0010547088035239116,0.0010677742896205043,0.001032,
801114,厨卫电器,5,396,-0.008610775755432358,-0.004946277514646053,-0.0019806486080057076,-0.00023436385102742702,0.0012400868832428053,0.0037007147038456483,0.0074003317242315216,0.00357,
801114,厨卫电器,10,391,-0.006012798584071253,-0.0033312651866219275,-0.0015101320925577878,-0.0002448413524532023,0.0006000393721809315,0.002247668845445542,0.0042608555638955405,0.002106,
801114,厨卫电器,30,371,-0.004494336842133355,-0.0024538183750312326,-0.0017403494085116667,-0.0004929636488714547,0.00034192673188386926,0.0011903335078739983,0.002103231912590751,0.001573,
801114,厨卫电器,60,341,-0.003982802516088424,-0.0018629041371559976,-0.0012006177246456683,-0.0008219348925169816,-0.00039884727255243995,0.00021407203508510615,0.001148795273606812,0.000985,
801114,厨卫电器,90,311,-0.0037418752369731754,-0.0015007419595557407,-0.001133093616398329,-0.0008265893376285134,-0.00044660360476851327,1.568689859871103e-05,0.0007067801697499981,0.000782,
801114,厨卫电器,180,221,-0.002099952955658873,-0.0013740654121999095,-0.0006971331430142037,-0.0005008495806612024,-0.00023192087748379175,-0.00018824717757869413,-0.0001345587134539299,0.000232,
801114,厨卫电器,360,41,-0.0008992821210338813,-0.0008935184780769542,-0.0008842165694675524,-0.0008676949412904191,-0.0008529379049653652,-0.0008176894054452787,-0.0007721233609135898,0.000853,
801113,小家电,5,396,-0.011385647041053113,-0.004739709041153631,-0.001917707806536363,-0.000520892924876858,0.0015686442664921063,0.005305626534165405,0.010637365453706336,0.003869,
801113,小家电,10,391,-0.008476775804866518,-0.0037073230323323115,-0.0014110191153887607,0.0001620448571494965,0.0014198496894381755,0.0037834733312858545,0.0070608600662150104,0.003059,
801113,小家电,30,371,-0.005352228888520405,-0.0034223858362645836,-0.0017067477326136364,-0.0006916512665992869,0.0005464180424765024,0.0022571998832492386,0.004859678372394252,0.002283,
801113,小家电,60,341,-0.0035581879778961295,-0.0029859876153834775,-0.0018300424510496681,-0.0010938165292859639,-0.0004867084403106008,0.0012240168203432635,0.003090794445730796,0.001779,
801113,小家电,90,311,-0.0025307642831235164,-0.0022721478596924756,-0.001912050243946737,-0.001511039115154095,-0.0011994618068277556,0.0002522196008539702,0.003190921962940955,0.001895,
801113,小家电,180,221,-0.0021184323806962262,-0.001955745829073206,-0.0018759047668360119,-0.0014274939667658234,-0.00035418759739438185,0.0007079844867630421,0.0011867849271947465,0.001195,
801113,小家电,360,41,-0.0007705272687287021,-0.0007507603753843994,-0.0007265531864475093,-0.0007061708986882148,-0.0006865973563162874,-0.0006504944271719041,-0.0005995016828143689,0.000687,
801112,黑色家电,5,396,-0.010476308799550312,-0.005330683005909579,-0.002251716917203873,-5.314234139951325e-05,0.0017146114941273187,0.004724423481364342,0.010390939983923299,0.004069,
801112,黑色家电,10,391,-0.007642448946034072,-0.004218766664374109,-0.001239443463053712,-0.00018002969014233906,0.0009461654746669891,0.003086098787328969,0.006727990777250688,0.002667,
801112,黑色家电,30,371,-0.004382245096484361,-0.0021973882103594276,-0.001287124670038144,-0.0006541915428682443,8.545175035797505e-05,0.0015047498259160045,0.0038995706348514537,0.001559,
801112,黑色家电,60,341,-0.0026165008504339285,-0.001467698638872298,-0.0009056448452915061,-0.0005686147801845947,-7.631492112911344e-05,0.0008458083917606388,0.0019465792935401155,0.000981,
801112,黑色家电,90,311,-0.0022110395658324917,-0.0010374035230940096,-0.0004664743932531888,-0.0001782822114428152,6.22767635405849e-05,0.0006648625783204978,0.0014317505218219848,0.000651,
801112,黑色家电,180,221,-0.0009066457742660639,-0.00021240690745581828,-8.557312536059434e-06,0.00014450885899530407,0.00037648655682783497,0.0005522429178797772,0.0006380285506707636,0.000383,
801112,黑色家电,360,41,-9.939282689195428e-05,-8.410791930580647e-05,-7.147861320168073e-05,-5.5056144550689977e-05,-3.787181634873285e-05,-1.8107142345636307e-05,4.972897477111414e-06,4e-05,
801111,白色家电,5,396,-0.0063520756888662405,-0.0030391837368941286,-0.0006860867543202909,0.000469604778796735,0.0014568970832372296,0.0032329795302774864,0.005906277118547961,0.002488,
801111,白色家电,10,391,-0.004783465930203687,-0.0020397351749619113,-0.0005367996687156591,0.00048512632610370605,0.0013266890240275434,0.002466057353645374,0.003936078709407914,0.001794,
801111,白色家电,30,371,-0.0017534112971111038,-0.0011498359550106423,-0.00048061132111799687,-0.0001330595196176407,0.00029561363536394355,0.001344994152666407,0.002439045198265606,0.000947,
801111,白色家电,60,341,-0.0010106691073378884,-0.0006434210423314843,-0.00021337058755688308,6.675345789900802e-05,0.0002529046623598323,0.0007694383638833359,0.0012297043101411457,0.000541,
801111,白色家电,90,311,-0.0007504570069805325,-0.0003172764177515106,-0.00014593679821200124,-9.970418833806592e-06,0.00011804824815794491,0.00041715764147360327,0.0006833442422572296,0.000294,
801111,白色家电,180,221,-0.00025401301303342317,-0.00019434317348906887,-0.00014831605896950214,-7.906229251265082e-05,-5.842487028737617e-05,-8.783295435948423e-07,5.297701368921876e-05,6.9e-05,
801111,白色家电,360,41,-7.202254811352325e-05,-5.979809714356687e-05,-5.863099387453667e-05,-5.706834506161617e-05,-5.648312077078128e-05,-5.2458358421731705e-05,-3.7193835362365315e-05,5.6e-05,
801096,商用车,5,396,-0.011078524264877439,-0.005621956813402897,-0.002185977432573065,-0.0005330293031528361,0.0008578529989174194,0.003916944731419908,0.008483049613891475,0.003665,
801096,商用车,10,391,-0.008815684302826827,-0.00402397521010356,-0.0009234746974877079,-1.5774317690469697e-05,0.0007339669865967312,0.0024150292160542925,0.006238693709385924,0.002211,
801096,商用车,30,371,-0.004775253886312859,-0.0014868160502041327,-0.00024206394665030482,0.000368255261209803,0.0007980180654073351,0.0016217304900649544,0.0025907184384178802,0.001289,
801096,商用车,60,341,-0.004423295314022844,-0.0008175500767117628,-0.00022121841838935983,1.4278967926780428e-06,0.0005397100731470531,0.0011755123651980722,0.002174952443817586,0.000787,
801096,商用车,90,311,-0.0046541379877674816,-0.0008870692778617012,3.633540293021144e-05,0.00024136751913234956,0.0004804940153069555,0.001210725174855493,0.0020200953878419838,0.000641,
801096,商用车,180,221,-0.002091999604243284,-0.0009281597662642318,0.00017556129338082622,0.0003740835137383372,0.0008523808883913205,0.0011961810395873457,0.0014540356497344097,0.001031,
801096,商用车,360,41,-0.00028584182380864793,-0.0001888497757955556,-9.73843719947097e-05,-3.758289198903117e-05,2.2848412784035874e-05,0.00010012695334041016,0.0001541153592574759,0.000112,
801095,乘用车,5,396,-0.010121630167746976,-0.005396621164165105,-0.002588214601144689,-0.0009927211199200672,0.00020123643083325865,0.0037554263335509335,0.00807658946917828,0.003541,
801095,乘用车,10,391,-0.007101385659351931,-0.003911221151166997,-0.002092878250484127,-0.0010363793290667253,4.0526485266287465e-05,0.002083404901502152,0.0049416084883839775,0.002419,
801095,乘用车,30,371,-0.0041388534181172115,-0.002644167253693025,-0.0016147005298623631,-0.0009626802910770233,-0.00035382742270056457,0.0004216978512591392,0.0018046733366031632,0.001348,
801095,乘用车,60,341,-0.003296969920277827,-0.0017498015173827014,-0.001264821801650517,-0.0009601491116283698,-0.0005896815595667943,-7.436449327978339e-05,0.0003086130613081186,0.000594,
801095,乘用车,90,311,-0.0031055976328528095,-0.0017465616358246917,-0.0013584950443443673,-0.0009150296466495508,-0.0007062755472587562,-0.0006024186683210155,-0.0001786008326597791,0.000706,
801095,乘用车,180,221,-0.0018335204746802772,-0.0016561447906694477,-0.001203903446486314,-0.001094331911491288,-0.0010007570818865931,-0.0007815164316853309,-0.0005216654955765835,0.001001,
801095,乘用车,360,41,-0.0012427627038556525,-0.001215733166847147,-0.0011800026780644775,-0.0011560541407086965,-0.0011328032485477036,-0.0011001568646299153,-0.0010644706734640626,0.001133,
801881,摩托车及其他,5,396,-0.009281102966761165,-0.0033835307259806858,-0.0009227698440123508,0.0009486106007483488,0.00272321982760948,0.00602453470196288,0.0108243545336088,0.003605,
801881,摩托车及其他,10,391,-0.005974679558921553,-0.0029160627248152587,-0.0006422742736825394,0.0005778535936467959,0.0017517481797840611,0.004085656474373698,0.006891206079367859,0.002811,
801881,摩托车及其他,30,371,-0.0028416986108622927,-0.0013713085011076754,-0.00011734653241248073,0.0006861637302056258,0.0011921949466436712,0.0019468702659170074,0.003679746183534242,0.001485,
801881,摩托车及其他,60,341,-0.0018455450934340212,-0.0007887140882720389,-5.3401358142639554e-05,0.0004107429577926912,0.000653942868681297,0.0016294900040281775,0.0031942776890267477,0.00085,
801881,摩托车及其他,90,311,-0.0014763592062871853,-0.0006325052599699166,-0.00020868215884447869,-4.627451517276717e-05,0.0003793977532120664,0.001379360234555167,0.0027705569213681146,0.000613,
801881,摩托车及其他,180,221,-0.0008278316331260748,-0.0006835017320596698,-0.00023087953732197275,0.00019442266207798678,0.000884208030103859,0.0015782790938033615,0.0018507219486331298,0.000779,
801881,摩托车及其他,360,41,0.00030891863194828123,0.0003436896751218378,0.0003792997869157889,0.0004004383781620103,0.0004178444164736896,0.0004504268097355489,0.0004892376797140674,0.000379,
801092,汽车服务,5,396,-0.01021630669448267,-0.004620634128080997,-0.0008226344268514502,0.0007770210837565216,0.0026721362380897986,0.004623583685666675,0.00839087974056325,0.003688,
801092,汽车服务,10,391,-0.006925706095007512,-0.003334098150167804,-0.0008795046319499492,1.7986474930844825e-05,0.0015039170988787793,0.0031611484454928097,0.005505296193169307,0.00249,
801092,汽车服务,30,371,-0.004438467135782227,-0.001734932102199328,-0.0006474995641153622,9.338398633367841e-05,0.0005491540032796145,0.0014821547427508984,0.0027453115139058977,0.001266,
801092,汽车服务,60,341,-0.002535292069219668,-0.0014082952001565092,-0.0006595813185215129,-0.00042599096028886184,-8.963751315727829e-05,0.001169900920602949,0.0017842243749682464,0.000913,
801092,汽车服务,90,311,-0.0018506491937826856,-0.0012726080311547426,-0.0005456370982782787,-0.00038282659856136243,4.224791191037675e-05,0.0005858393745166682,0.0014111003484344824,0.0006,
801092,汽车服务,180,221,-0.0011429774046899622,-0.0005515784059451476,-0.0003036499158650706,-0.0002293804914640724,0.0002279318428635809,0.00035282038123126737,0.0006074766719884166,0.000345,
801092,汽车服务,360,41,-0.00024534102839240507,-0.00023421936764018883,-0.00022027189747625463,-0.0002002017580209523,-0.00017800097028840265,-0.00014907884896109465,-0.00011944443676931884,0.000178,
801093,汽车零部件,5,396,-0.011551721022879102,-0.004296588054885293,-0.0007303666759289834,0.0010253010961534938,0.002602940511072521,0.0055693294406981165,0.01022668027190458,0.00386,
801093,汽车零部件,10,391,-0.007696830478005938,-0.003289525325370214,-0.0007226769769215546,0.0008754174286241646,0.002398688936919353,0.004402022776091309,0.007497106929566438,0.003243,
801093,汽车零部件,30,371,-0.0053191609511948216,-0.002004491379425285,-0.0008678692312475215,0.00034738243941811526,0.001535657533568286,0.0029894712580431594,0.004339247913499136,0.002004,
801093,汽车零部件,60,341,-0.002551130770334552,-0.001477912781355109,-0.0006726323060690261,0.00025419777910339986,0.0007790621006313595,0.0016084679526782075,0.0030989851323315063,0.001264,
801093,汽车零部件,90,311,-0.0024381192162479773,-0.0006028496442407833,-0.00029005646246975625,0.0002211137868168145,0.0007837595695098041,0.001521757504229377,0.002515723850734573,0.00074,
801093,汽车零部件,180,221,-0.0008780700228251065,6.490186522986426e-05,0.0004653964785394965,0.0008437962694176455,0.0012880124543737305,0.0015004119269949022,0.0015663410446253377,0.000871,
801093,汽车零部件,360,41,0.0003778048988909203,0.0004164771556233801,0.0004528322017793252,0.00048291070269060625,0.0005130901897732438,0.0005553717604071593,0.0006154421663237578,0.000453,
801086,电子化学品Ⅱ,5,396,-0.012601777922343398,-0.0042760199158748124,0.0001845069125466475,0.0028507757506779268,0.00520987572919503,0.00997464158424559,0.0176225021753037,0.005695,
801086,电子化学品Ⅱ,10,391,-0.008495899237036803,-0.0028368618819013926,0.00037703283041481733,0.0023151117600455147,0.004181047830500373,0.007500222797368032,0.013090422234056017,0.004045,
801086,电子化学品Ⅱ,30,371,-0.0027358639212183007,-0.0006226818216688937,0.0011362791074931281,0.002346402480272402,0.00297120370414877,0.0053450838834896534,0.008989252118804268,0.002466,
801086,电子化学品Ⅱ,60,341,-0.0005809070128404705,3.354837892776712e-05,0.0010623956490585515,0.0021361602551052423,0.003470035288298669,0.00465278427916818,0.007286995938505556,0.001905,
801086,电子化学品Ⅱ,90,311,0.0003078707946426384,0.0015543773688378635,0.0023674587602446895,0.002779468116746581,0.003259604896888535,0.0039032066225609652,0.00534926210538187,0.002367,
801086,电子化学品Ⅱ,180,221,0.0023860659336293354,0.0025369643720990743,0.002744155811898208,0.0029238482272175756,0.003009336429012704,0.003398628051217528,0.004281396707321964,0.002744,
801086,电子化学品Ⅱ,360,41,0.002966658506993559,0.003011860915777534,0.0030357211879227454,0.0030371665164130846,0.0030399234365260175,0.00304786082821425,0.0030661809531209185,0.003036,
801085,消费电子,5,396,-0.0128089412500909,-0.006101375830874798,-0.0012744989639385056,0.001426549354920299,0.0038871457363761305,0.008553146925320826,0.014842329509993792,0.00573,
801085,消费电子,10,391,-0.009457535536309725,-0.0048146386734200484,-0.0005955525421465202,0.001684772605140316,0.003581212822743302,0.005787834410617099,0.012020112052078799,0.004413,
801085,消费电子,30,371,-0.0054205101160992196,-0.002152101896493768,-0.00044545771577031527,0.000675279406677782,0.001869874990952662,0.003988725305370937,0.008511575200343638,0.002366,
801085,消费电子,60,341,-0.004337061211124253,-0.0019954000784361604,-0.00023571607809844242,0.000856469045582861,0.002015027227774667,0.004340351775234282,0.006856430846587119,0.002244,
801085,消费电子,90,311,-0.0022368704887361793,-0.00023319970722055736,0.00013706130752552147,0.0008984044507844947,0.002248753231310258,0.003694242957852651,0.006104155433788008,0.001387,
801085,消费电子,180,221,0.0006531158767901056,0.0008194870242225153,0.0010925814896787004,0.0012499208209313997,0.002394052212704339,0.0032131691322572764,0.0036846988985877096,0.001093,
801085,消费电子,360,41,0.0016369845814978863,0.0016801794949081806,0.0017115907625820242,0.001732521403451853,0.001749091796991454,0.0017630700741276923,0.0017963891029039972,0.001712,
801082,其他电子Ⅱ,5,396,-0.015027009445683838,-0.005134122098467859,-0.0003619807345875375,0.0021075047084290833,0.004881329946769634,0.009224256550986257,0.015956165870123565,0.005812,
801082,其他电子Ⅱ,10,391,-0.009880500191252202,-0.004065396705515025,0.00016466066373098,0.0020825325157611046,0.004084694478984931,0.006961358387900951,0.010918839825009569,0.004506,
801082,其他电子Ⅱ,30,371,-0.005415665587247262,-0.001065416056433868,0.0013218526117048852,0.0025556551162993052,0.0033631477907598933,0.0046604012430737935,0.006256739976335981,0.003021,
801082,其他电子Ⅱ,60,341,-0.0035102082958121876,-0.000725535408772596,0.0012152960576873421,0.0023626045708317824,0.0029152291424602112,0.004024976783391154,0.004729245798603881,0.00268,
801082,其他电子Ⅱ,90,311,-0.0008307970289823472,0.0007641225781474607,0.0016033159989470615,0.0018191222674263376,0.0022996995132977187,0.003516152589935915,0.004388278531419223,0.001802,
801082,其他电子Ⅱ,180,221,0.0010687244504804098,0.0015704088211968155,0.0017867668541694682,0.0019945299642123923,0.0025321095313929156,0.0030410987685526303,0.003221990339878552,0.001787,
801082,其他电子Ⅱ,360,41,0.001830000514779183,0.0018857206557192537,0.0019328158638879723,0.001969445296967319,0.001999568864360142,0.0020400705844693303,0.002104795784083202,0.001933,
801084,光学光电子,5,396,-0.012083068807800239,-0.004078357976389987,-0.0008717695607858357,0.0011713348678247639,0.0031084480513734604,0.006299615253814717,0.01269300095575222,0.004071,
801084,光学光电子,10,391,-0.007210485011965847,-0.0024787877026656445,-0.0001307172395322626,0.0008517103218142702,0.0022909774518483227,0.004235361527530009,0.008645211845687464,0.002606,
801084,光学光电子,30,371,-0.0044580002653849295,-0.0011430630495985093,0.00019927104189730715,0.0012721276931879255,0.002003018309900673,0.0031286151026314146,0.004982599810965061,0.001969,
801084,光学光电子,60,341,-0.0033895699709085374,-0.0010584855641611747,0.00018445397898157197,0.0010349417248027063,0.0014466621479929964,0.002480767199666258,0.003182518390648452,0.001374,
801084,光学光电子,90,311,-0.0011736603959716587,0.00016069430610695593,0.0006974904419532562,0.0010873895828760528,0.0014805545104544739,0.0019019175011627614,0.002467564104607463,0.001113,
801084,光学光电子,180,221,0.0007589705563844972,0.0008399467211507633,0.0010314631306533638,0.0011348001153008338,0.0011708251578867368,0.0012227673180071174,0.0016751221362463226,0.001031,
801084,光学光电子,360,41,0.0010513351156512115,0.0010553065507476521,0.0010622760594752778,0.0010688708712468737,0.0010694391791683797,0.0010734688007256366,0.0010761260698778853,0.001062,
801083,元件,5,396,-0.015217006075438232,-0.006159490818291997,-0.00047429097209821734,0.003116832107748657,0.006469710973245786,0.01132479513365256,0.021636022984678357,0.006976,
801083,元件,10,391,-0.01068903542364037,-0.003906923280163194,0.0014822901184243789,0.003947979085457973,0.0066695852676428,0.00953179179301658,0.01663328263975462,0.006431,
801083,元件,30,371,-0.004883101511684764,-0.00045868134586774184,0.0018143142740327702,0.0029453675426253673,0.004223255697022533,0.008079709712384635,0.010382077881291599,0.003364,
801083,元件,60,341,-0.0036113065993895266,0.00012747744413562023,0.0018274717120535199,0.0022558401625217116,0.004866765832959642,0.007722824498131371,0.0088597008711791,0.002984,
801083,元件,90,311,0.0005334283570464297,0.0013743888615279562,0.0020919460734540336,0.003342973063045162,0.004967874988463133,0.007090465874438229,0.008508431125781582,0.002092,
801083,元件,180,221,0.0022476846386390325,0.0030593379497066264,0.0038668523546461064,0.00425437470969976,0.004599397496673391,0.004910747092693565,0.005031874874752507,0.003867,
801083,元件,360,41,0.0037365405689863502,0.003772630559053091,0.0038177564761548584,0.003850941359686939,0.0038730528549622764,0.00387609063342879,0.003920550266201178,0.003818,
801081,半导体,5,396,-0.015203786967342689,-0.0056651353550680435,-0.0005763469405257552,0.0016846585640856344,0.005040098777529011,0.010817370921255,0.018360112253835,0.006275,
801081,半导体,10,391,-0.008704047132075707,-0.004583732418056758,-0.0015606415389248238,0.0006678003970015941,0.003086116891193619,0.007567958202746841,0.013333455509258855,0.004891,
801081,半导体,30,371,-0.004073250298484292,-0.002082157589848683,-0.00010578620459104832,0.0011461332582441103,0.0023865997257208537,0.005933862459347825,0.009548268257712565,0.002417,
801081,半导体,60,341,-0.0019960983031930223,-0.0010281306572837723,7.791106450273359e-05,0.0013497090266599507,0.002918457867420162,0.005099456716014719,0.007718362791530355,0.00182,
801081,半导体,90,311,-0.0008636271934433387,0.0008667514073257766,0.0014926326380291922,0.002075845825736128,0.002655584854927491,0.004345371598367712,0.005758876087941252,0.001556,
801081,半导体,180,221,0.001895842177637407,0.0022820496618369637,0.002581734630584868,0.0027779512130003104,0.002856287224567511,0.003109960420930147,0.003528239348693036,0.002582,
801081,半导体,360,41,0.0026110948051080588,0.002642784459269466,0.0026467076613340725,0.0026530335066319685,0.0026567313096184796,0.0026619819794010103,0.0026640269280435156,0.002647,
801056,能源金属,5,396,-0.017010432001433526,-0.005530434991357974,-0.0008475895220407602,0.001870378725214551,0.0042160080109641005,0.00856136416539811,0.01718003530494079,0.005804,
801056,能源金属,10,391,-0.01130340004238448,-0.0055206540660434865,0.0008100993499838394,0.002731827252878004,0.0040699324346015415,0.007010547883326852,0.011702260417349385,0.005317,
801056,能源金属,30,371,-0.006449096851048677,-0.0017996188018924904,0.00041426234803273494,0.0020122177917658124,0.0036356282591006833,0.005331365777654315,0.007148075778529803,0.003381,
801056,能源金属,60,341,-0.006229770907886868,-0.0014762938892571853,0.00112608698360493,0.002511642188020947,0.0031184335447833576,0.0043159896143142515,0.005824250222331085,0.00279,
801056,能源金属,90,311,-0.004831068878482964,0.00022726007814131375,0.0013097514013128695,0.0018809158330334772,0.0031763478902463982,0.004337276097785806,0.005835806602647938,0.002534,
801056,能源金属,180,221,-0.0007529484721135924,0.0012870767544095314,0.0028375397516425425,0.0032166529930502262,0.0036671300531577063,0.0043877856736904385,0.004732529839368048,0.002838,
801056,能源金属,360,41,0.001776328238319615,0.0019141794601969897,0.0020314257834120847,0.0021099628808036778,0.0021909006162865456,0.0023069955877827505,0.002435473305363133,0.002031,
801054,小金属,5,396,-0.017512753741164677,-0.006201081031461753,-0.0010103667892293073,0.0017958725994287705,0.00459151647006118,0.01054128539766016,0.019000658227179595,0.006659,
801054,小金属,10,391,-0.009620404534863156,-0.004161218136590015,-0.0006696669396090454,0.0012272294224120136,0.004300872726705888,0.008662913585932082,0.016047226763164977,0.004797,
801054,小金属,30,371,-0.004141994093174017,-0.0008546016241298717,0.0017331586206408072,0.002381242975761425,0.0031974033443734153,0.006407048868394845,0.009039588826503343,0.002656,
801054,小金属,60,341,-0.003028002529737083,-0.00029005067099444287,0.0007585117004318974,0.0019121036965277255,0.0028024819696947255,0.004971803188454269,0.0077059625778009904,0.002079,
801054,小金属,90,311,-0.0005557374607928065,0.0009486332297416935,0.0015668559672008195,0.002294690325345883,0.003477192940445987,0.00490094200490976,0.006324959461735404,0.00181,
801054,小金属,180,221,0.001424090573287656,0.002976171768996302,0.0031982673636711902,0.0035336084160562655,0.0038849790818244706,0.003920919926562767,0.004165618872252027,0.003198,
801054,小金属,360,41,0.002605289177768139,0.002708009566847117,0.002791755199260855,0.002847743226144849,0.0029000721097124957,0.002966368278167323,0.0030561661121992294,0.002792,
801053,贵金属,5,396,-0.017588086823442435,-0.007906381855993716,-0.0028721881965075038,0.0004808705874676123,0.004458043656150659,0.01080694642315149,0.0212136108438008,0.007055,
801053,贵金属,10,391,-0.010307466025997492,-0.0046285205930397325,-0.0015561165878492079,0.0010311431978288009,0.003424313505484038,0.007371388206475151,0.015523239330808049,0.004769,
801053,贵金属,30,371,-0.006544017176214006,-0.0020295558957238854,-6.817481125894952e-05,0.001045675590546033,0.0026129678609513175,0.005710833110088418,0.009199627111670374,0.002893,
801053,贵金属,60,341,-0.004884260467148743,-0.00037702330755060373,0.0003783130662263836,0.001244937310844889,0.0026515348072363464,0.004457210390291835,0.00706932447788189,0.002751,
801053,贵金属,90,311,-0.004833501889442585,3.978065911200979e-05,0.0012907991411073125,0.0019034959652580753,0.002487806016009231,0.003456965054511602,0.004784432072729201,0.002392,
801053,贵金属,180,221,-0.0010161127911393487,0.0005035058422029007,0.002086029279013051,0.0022051184977663002,0.002407533147845092,0.0032177669357214417,0.0037557135798792717,0.002086,
801053,贵金属,360,41,0.001369797140773452,0.0014148575151688022,0.0014552314317486906,0.0014824879754369179,0.0015226190434463535,0.0015886981443540191,0.0016614235951361283,0.001455,
801055,工业金属,5,396,-0.01206448265255468,-0.004751423176802557,-0.0005744452973350935,0.0023786943728854393,0.005306427503736893,0.008901303335619868,0.01422867335331097,0.005781,
801055,工业金属,10,391,-0.008823117135465262,-0.0027501024058461643,0.00020021701200874666,0.0019961537150340013,0.004063874199472191,0.00664624806399158,0.010173037012499461,0.003929,
801055,工业金属,30,371,-0.004649594032430329,-0.0013293317221678828,0.0012819854714677368,0.0020672129416569153,0.00298031569390398,0.0044723197363278665,0.007094984286153381,0.002968,
801055,工业金属,60,341,-0.0030799722001200254,-0.0008622399030213551,0.0005287565507818393,0.0020777969103604795,0.0026439874994412483,0.0042012603205001005,0.006151314641383199,0.002275,
801055,工业金属,90,311,-0.002093370933839378,-0.0007935867790600515,0.0005948870948407788,0.002252464085624584,0.0035301381588120407,0.004287625093332575,0.004849504446148285,0.002123,
801055,工业金属,180,221,-0.000582545692686297,0.0006547672993614973,0.002556752139792599,0.0030837480199963725,0.003388795934235605,0.003904008543496894,0.004520892210333193,0.002557,
801055,工业金属,360,41,0.0018576679138866579,0.0019140925044031484,0.001967805193618686,0.002007702328753763,0.002055484467012006,0.0021184193415912187,0.0021750228572942377,0.001968,
801051,金属新材料,5,396,-0.013448492532186896,-0.005900777027254081,-0.0008779305866154856,0.0012668294564160865,0.003952776820462813,0.008240300062413088,0.014540493742922427,0.00544,
801051,金属新材料,10,391,-0.008442250549611147,-0.003285775506125278,-0.0008282247517999461,0.0009479044193222745,0.0028890587815660535,0.0061310446969871325,0.010646384666983349,0.003698,
801051,金属新材料,30,371,-0.004956858304909051,-0.0013791725467625958,0.0007035968623479114,0.0021369871408656303,0.0026648603118591043,0.003933405430236478,0.005553770174095037,0.002588,
801051,金属新材料,60,341,-0.00320392482524859,-0.0013391753808613459,-9.364739110762522e-05,0.0012347264327133033,0.0023266834344146826,0.0032974748265402745,0.004471905483790567,0.001997,
801051,金属新材料,90,311,-0.0005920302105206706,2.3735624246633872e-05,0.0007014245179134167,0.0012378849827547865,0.00161941086223777,0.002336486441033544,0.003965323504232123,0.001144,
801051,金属新材料,180,221,0.0002236749607035257,0.0006780480816413712,0.000937751892053888,0.001088489287851649,0.001875584376727487,0.002366041881106214,0.0025218124961238772,0.000938,
801051,金属新材料,360,41,0.001098284680201906,0.0011589257663444218,0.0012158477682687732,0.0012541532433990893,0.0012917853953718825,0.0013454007519192036,0.001421969505064385,0.001216,
801045,特钢Ⅱ,5,396,-0.009516646374800368,-0.004309774158251197,-0.0011655763511682327,0.0008339982013207043,0.0021337558161479905,0.004975228080005341,0.008396188345547357,0.003615,
801045,特钢Ⅱ,10,391,-0.0078031874257128465,-0.0027877449738944065,-0.0008697283228952936,0.00039649539658954275,0.0017503188710578938,0.003739136892436946,0.006466384640436636,0.00245,
801045,特钢Ⅱ,30,371,-0.004151406832054284,-0.0019341548394148761,-0.00070093399761219,0.0001964337945084852,0.001160519365665253,0.002403213387273689,0.003723736589846931,0.001725,
801045,特钢Ⅱ,60,341,-0.00365299313151058,-0.0013889185929984336,-0.0003799032302893682,7.896097321271222e-05,0.0006252517121935388,0.0015589785845253254,0.0028356981886456106,0.001312,
801045,特钢Ⅱ,90,311,-0.003549296400305871,-0.0016331109187731432,-4.619634425764953e-05,0.0006509571679873443,0.000971576304736136,0.0015357839284532858,0.0022800410370366537,0.001236,
801045,特钢Ⅱ,180,221,-0.0016270603562403307,-0.0003278104445059338,0.000751335907443027,0.0008555210047111971,0.0010748747149032327,0.0012552169869462723,0.0015231027583214394,0.001051,
801045,特钢Ⅱ,360,41,0.00013079282324271748,0.00016960011901589602,0.00021293934644560806,0.000249127126316134,0.00028742673068011686,0.0003500071913969659,0.00040651229006785134,0.000213,
801044,普钢,5,396,-0.010074128770969379,-0.004280249108512458,-0.001845257719624953,-0.00021085787420047625,0.0015353921856912616,0.004456994523333436,0.008873362443327034,0.003564,
801044,普钢,10,391,-0.0065381666030724876,-0.0035219517592437717,-0.001714205958438676,-0.00026378434021746236,0.001065412883228051,0.003496664381445969,0.006564473136930777,0.002761,
801044,普钢,30,371,-0.0044818686069947825,-0.0023727509129282654,-0.0007055850396161067,-0.0001772086267738221,0.0007524695879864288,0.002029368643463537,0.0032325881852691544,0.001697,
801044,普钢,60,341,-0.0031597686443510936,-0.001484271795474514,-0.0007956362015718141,-0.0002699189244170795,0.00027667085278462587,0.0009268594242946996,0.002696058927942501,0.000959,
801044,普钢,90,311,-0.0032450295965265248,-0.0013313231051023191,-0.00026879944867776217,-0.00015495482860322088,0.00027748536699315554,0.0008170790133848816,0.0026074301949852445,0.000724,
801044,普钢,180,221,-0.0016112622182008543,-0.0010633094943996548,-5.7320546108350226e-05,0.0001901186899771918,0.0008557420899395897,0.0011867210467340114,0.0013674283820955945,0.000985,
801044,普钢,360,41,-0.00014592506813477097,-0.00010082649602263583,-6.04739993379889e-05,-3.0922856452790815e-05,3.366466357948251e-06,6.844836375153086e-05,0.00012946100827165074,7.4e-05,
801043,冶钢原料,5,396,-0.011183206299153354,-0.003792634281479186,-0.0006827775826277709,0.0008003636510282867,0.002722764189414826,0.006037675348488724,0.01148212612238849,0.003894,
801043,冶钢原料,10,391,-0.006797634585867086,-0.0028237226363923666,-0.000341214757649927,0.0008076560435098938,0.002009187587847088,0.0038451824935497782,0.008750233526271496,0.002719,
801043,冶钢原料,30,371,-0.004542376941266088,-0.0018479550484319612,0.000388841807054449,0.0012336595381382174,0.0018386792424902373,0.0030109486156139134,0.004867112035917626,0.001981,
801043,冶钢原料,60,341,-0.0030948822222822236,-0.0013618225976452355,-9.124550761739115e-05,0.0010055480908262953,0.0020601552205603535,0.0024610813302692693,0.004324652421732998,0.001834,
801043,冶钢原料,90,311,-0.0031262638396360254,-0.0009084445302686044,0.0007451160279341052,0.0017018190777938447,0.0021044376229628634,0.0030965209047121136,0.003993084687210813,0.002072,
801043,冶钢原料,180,221,-0.0008072357832810532,0.0008872663597785967,0.0018192548116989155,0.0023153457215579626,0.0027048151932215813,0.003010498751738867,0.003322949163144607,0.001819,
801043,冶钢原料,360,41,0.001272806127052972,0.0013287395168161444,0.0013801979372059907,0.0014194086265055413,0.0014609529043291456,0.0015205284325554129,0.0015814827145903074,0.00138,
801039,非金属材料Ⅱ,5,396,-0.015615395213257624,-0.005292980099534543,-0.0006653224475061219,0.0015606026329994028,0.004533221684359992,0.009425967812091474,0.016869640170736253,0.005921,
801039,非金属材料Ⅱ,10,391,-0.008736926181438155,-0.0022677307812285514,0.0005884354707226053,0.0023904195117289175,0.0035577152815044204,0.006569506162470701,0.011827993880804468,0.003558,
801039,非金属材料Ⅱ,30,371,-0.003289040872807813,-2.4959917971596187e-05,0.0010526210035051592,0.001859215639731535,0.003154308266410482,0.004553949664789074,0.007921619892694111,0.002617,
801039,非金属材料Ⅱ,60,341,-0.003812358172047755,-0.00022153220561923912,0.0008622304852807695,0.001917574152128598,0.0025967433538321236,0.0035713545059388907,0.005580233610445995,0.002089,
801039,非金属材料Ⅱ,90,311,-0.00013896280864808,0.00036058585111822133,0.00133361179794912,0.0022668681039522635,0.0029505952506191906,0.0034125817729989292,0.004585627753306053,0.00186,
801039,非金属材料Ⅱ,180,221,0.0016725571880282929,0.0017175944749684136,0.0017869463937962749,0.0018364792500027015,0.0019193206507237643,0.0026731601722611263,0.003516443180855596,0.001787,
801039,非金属材料Ⅱ,360,41,0.0020276422486395157,0.0020609718757131257,0.0020875563766242795,0.0021142480308763314,0.0021404729254238066,0.0021694014871113916,0.0022334428900578586,0.002088,
801038,农化制品,5,396,-0.011099991799887146,-0.004478527225516521,-0.0006670113620038825,0.0016760247107718905,0.0032103921307854067,0.005791456790651408,0.011208757593571775,0.004391,
801038,农化制品,10,391,-0.007707919985387815,-0.0027115820283953,0.00024047314599017283,0.0014314667536454205,0.0021997760892842745,0.004411503862051321,0.007908515417371299,0.002742,
801038,农化制品,30,371,-0.0037454219766308544,-0.001393158545543372,0.0006976350141590364,0.0014026268878702243,0.002055895912666685,0.002973182630434339,0.00415323784253848,0.002064,
801038,农化制品,60,341,-0.0035730701364486846,-0.0003571418180795954,0.0006626742561694177,0.0016556738446876348,0.0020186874819764057,0.0023826863441395235,0.003222857894196656,0.001989,
801038,农化制品,90,311,-0.0033076931771788176,-0.0009116872241673869,0.0014336168649878441,0.0020161773848720106,0.0021560310900394894,0.0023821741719407758,0.0031644258121180523,0.002147,
801038,农化制品,180,221,-0.0007787590145803914,0.0006667172912470227,0.0017778070129194352,0.0020246361737936863,0.0021323149525217604,0.0023976627565754603,0.0026166564005798004,0.001778,
801038,农化制品,360,41,0.0010245701122252862,0.0010879403375450743,0.0011472188227929464,0.0011927626078292364,0.0012373317882580178,0.0013017794816609994,0.0013612959843255746,0.001147,
801037,橡胶,5,396,-0.010571764253706508,-0.004066263838457557,-0.0005005074967403072,0.001526914106578858,0.003118232918524554,0.00642490942286665,0.011197505051860861,0.003978,
801037,橡胶,10,391,-0.007237710002921921,-0.002342544236722257,-0.0001378434219876916,0.0013324498094318062,0.0024423521233799743,0.004771029328829135,0.007370618160810868,0.002744,
801037,橡胶,30,371,-0.004050981580154865,-0.0012374345366897802,-1.0074608795939788e-05,0.000685530949116922,0.0015699634788827288,0.0025445846982019155,0.004141852267505942,0.001695,
801037,橡胶,60,341,-0.0025847231883344046,-0.0008745963825753356,-0.0003586096077223203,0.00013264162491107912,0.0006808784629325725,0.0017603730695978511,0.0026460138669823926,0.000904,
801037,橡胶,90,311,-0.0014829578938621703,-0.0004036783686822721,7.942009416125825e-05,0.0003127539063770287,0.0006833187969999064,0.0013263508866581146,0.0026498409967250784,0.00061,
801037,橡胶,180,221,-0.0003962815070374001,0.00024450625114120264,0.0003193889743668424,0.0004584155695178137,0.0009263184830328186,0.0011434880563109154,0.001483392248429072,0.000438,
801037,橡胶,360,41,0.00041386493054495355,0.00044840434505981797,0.0004883324901934295,0.0005182267607634459,0.0005466875011724846,0.0005901898074551113,0.0006589370517271864,0.000488,
801036,塑料,5,396,-0.011855874852207796,-0.004091476391698984,0.00011881934050259181,0.0020954530091516514,0.0042601840226787506,0.008139090982710612,0.013104031747186915,0.004722,
801036,塑料,10,391,-0.006411083912329556,-0.0025852436759717006,0.0002403874261445351,0.002196884745972436,0.0036113685119130738,0.006058164412168639,0.009349406401609622,0.003749,
801036,塑料,30,371,-0.00329461569477105,-0.00046897179380132805,0.0006405311757177923,0.00167224477210587,0.0026242228817039293,0.004290616623338498,0.00616872131363256,0.002132,
801036,塑料,60,341,-0.003057606619765469,-0.0003686964247681466,0.000701313481748918,0.0017565535456964094,0.002358719469111732,0.0036220288474560045,0.004422932722188336,0.001923,
801036,塑料,90,311,-0.0004271887668550466,0.000765201063485858,0.0014209600967734803,0.0017839976322973552,0.0021774865784999747,0.0027437874193071655,0.0038742454381105605,0.001662,
801036,塑料,180,221,0.0010753500511413259,0.0015362370408646949,0.0017809557167002147,0.002031796595159597,0.0021954325725892813,0.0023707014747330374,0.0024774215096713455,0.001781,
801036,塑料,360,41,0.001606716422771152,0.0016624719306471045,0.001708778605711013,0.0017431284186811846,0.001773467879796341,0.0018143751525628857,0.0018909397754050712,0.001709,
801032,化学纤维,5,396,-0.010723010911575733,-0.0038091001703013136,-0.0006644277465027198,0.0012254009699805214,0.002938746852289196,0.00641863437806604,0.010621594206244409,0.003896,
801032,化学纤维,10,391,-0.008254911540023302,-0.0024196811263308008,6.576202236611922e-07,0.0013323871717066647,0.0024640279697496553,0.0048234314374632666,0.0069623330912882845,0.002931,
801032,化学纤维,30,371,-0.0036469523565048193,-0.0016390253072080538,-0.00031155237962509177,0.0006846856560678388,0.0016991516015883593,0.002647158630503197,0.003990288886903071,0.001918,
801032,化学纤维,60,341,-0.002203450625755382,-0.0005014717145788443,4.998796616770446e-05,0.0004572437815748983,0.0008716632416530762,0.0015935032941193725,0.0027091520707225904,0.000877,
801032,化学纤维,90,311,-0.0018883416228668874,-0.0004916418744383244,0.0004279882401080204,0.0008269406039491334,0.0012890839966239272,0.0017254220304545583,0.002169098767374416,0.001045,
801032,化学纤维,180,221,-0.00031949986092465454,0.0007512888111611256,0.0011850954418223443,0.0012757956623004895,0.0012983245514511688,0.0013709023173953565,0.0016542632423859303,0.001185,
801032,化学纤维,360,41,0.0006927554637878501,0.000739197047763657,0.0007723387656962814,0.0008003766178829338,0.0008277624744526785,0.0008707253888290334,0.0009203993647778688,0.000772,
801034,化学制品,5,396,-0.00795738608468705,-0.0029451639251005177,-0.0003277517853579565,0.0011237040909938803,0.002378686277970443,0.004912995972655935,0.009107995998138281,0.003155,
801034,化学制品,10,391,-0.0055523695649891975,-0.0020647996520427175,7.24628681024794e-05,0.0011972490649518018,0.0024129564454364962,0.0037168791177019608,0.005982829744549208,0.002522,
801034,化学制品,30,371,-0.003100121555738017,-0.0008766366421345652,0.00034082658056225915,0.0009785011360910008,0.0015655168604012189,0.0026150691112983696,0.0031982517265956786,0.001601,
801034,化学制品,60,341,-0.0017628438882708864,-0.0005861278935022295,-0.0002488211800715846,0.0007265109753381441,0.0009421448449857693,0.0015384119685283994,0.0027813693739343476,0.000922,
801034,化学制品,90,311,-0.0014298204451179894,-0.0005339641738383331,0.0006564744479917387,0.000977596773640902,0.001329202079511641,0.0017638699694846045,0.002201528595729331,0.001046,
801034,化学制品,180,221,-0.00019975912479050013,0.0007005963895242123,0.001142901617827494,0.0012660100359956309,0.0014000251024281537,0.0014960595356953627,0.0016620630605977899,0.001143,
801034,化学制品,360,41,0.0007537731271480447,0.0007963714686904644,0.0008315214175077341,0.0008603038673532513,0.0008867679964590645,0.0009229846352320733,0.0009664030032683862,0.000832,
801033,化学原料,5,396,-0.009743096580349681,-0.003324772705381708,-0.00041871027428384323,0.0010476888620084635,0.0027713387963700913,0.0057017056477802665,0.010227822144289269,0.003425,
801033,化学原料,10,391,-0.0055235566914682965,-0.0026377164652089543,-0.00030885430209378267,0.0010468833012165061,0.002188532556720507,0.003927396990211092,0.007063349415066371,0.00265,
801033,化学原料,30,371,-0.003916001239198917,-0.0012316972512176104,-1.2807301889226236e-05,0.0005915726503169859,0.0015020375530184718,0.0024035189230470436,0.004375991067856032,0.001737,
801033,化学原料,60,341,-0.0022135130429183727,-0.0008854566306232631,0.00023615683337768628,0.0005062536187388426,0.0006890239245285493,0.0014338701594082876,0.0032002380245196803,0.000849,
801033,化学原料,90,311,-0.002137000746255373,-0.00048042854470698056,0.0003626322005484332,0.0008594474775429219,0.001175439930604358,0.001515150574652042,0.003084056250150115,0.001173,
801033,化学原料,180,221,2.5866397269356974e-05,0.0006974127053353939,0.0009610341515499075,0.0010504422224260404,0.0013339082101897,0.0017166595774919945,0.0019316222318728283,0.000961,
801033,化学原料,360,41,0.0008497148862001303,0.0008619837334683987,0.0008691897625331962,0.0008831726125415522,0.000899264209543176,0.000922773007074216,0.0009518942071404745,0.000869,
801019,农业综合Ⅱ,5,167,-0.014837299219949166,-0.006718081618144925,-0.003834574474037676,-0.0020502969490480537,-0.0007525862985324968,0.0028872854383623523,0.00913050691062717,0.004297,
801019,农业综合Ⅱ,10,162,-0.011615197241860734,-0.005778066773918135,-0.003571252068933854,-0.00227544483516081,-0.0010322134110836863,0.0013914613658801852,0.006118606310710487,0.003476,
801019,农业综合Ⅱ,30,142,-0.006564927736561042,-0.0032835256186254454,-0.002356578019710729,-0.0017973514335732552,-0.0008711086526092076,0.0002244684955539628,0.0020114035734254466,0.001947,
801019,农业综合Ⅱ,60,112,-0.005025660392011826,-0.0033768750353996816,-0.002079283754768258,-0.001721625276828698,-0.001469530261003236,-0.00018448534807026352,0.000602767064679597,0.001473,
801019,农业综合Ⅱ,90,82,-0.003446355558466647,-0.0033227125085423634,-0.003079421451678442,-0.0025724016848098327,-0.0022724255086880854,-0.00107138439659198,-0.0002003958250117962,0.002272,
801019,农业综合Ⅱ,180,0,,,,,,,,,样本不足(<30)
801019,农业综合Ⅱ,360,0,,,,,,,,,样本不足(<30)
801018,动物保健Ⅱ,5,396,-0.009742210409422117,-0.004494312272132978,-0.0008915713873723871,0.0008171241194955498,0.0032023601948062527,0.0066678251315707955,0.010845226234898052,0.004493,
801018,动物保健Ⅱ,10,391,-0.007094511092686693,-0.0024315200540808053,-0.0003929533827404394,0.0008628354646702302,0.0023661096747020363,0.004482642858419251,0.00796415269830629,0.002808,
801018,动物保健Ⅱ,30,371,-0.003258826361546925,-0.0008463630467192622,0.0007271619133911848,0.0015283376643373584,0.002012243507685408,0.0028876305673822917,0.003944262309396926,0.001943,
801018,动物保健Ⅱ,60,341,-0.0026674395399791397,-0.0013516731929291597,0.0007437427421898778,0.0014348848541986426,0.0017400974034174324,0.0023843959622908265,0.0030164220884627705,0.001753,
801018,动物保健Ⅱ,90,311,-0.002694745295120976,-0.0010334803638889774,0.0007702382948523492,0.0010632911268380482,0.0013971195377188875,0.002089127495147211,0.0025399200697714605,0.001421,
801018,动物保健Ⅱ,180,221,-0.0013424853944497583,-0.0005992679137819621,0.0006247043214405305,0.0010095724260135188,0.0014853312644208078,0.0015585452636647822,0.0018094827468083327,0.001257,
801018,动物保健Ⅱ,360,41,0.0003369831621210948,0.00041329752631981035,0.0004898440108628527,0.0005449190553378424,0.0005961605275329236,0.0006651574396893434,0.000739818296468619,0.00049,
801017,养殖业,5,396,-0.008835156932335716,-0.00510532780453817,-0.002598805386301237,-0.0009731742040063885,0.0014401150176876828,0.00483162745696218,0.010003582913805386,0.003848,
801017,养殖业,10,391,-0.00689791679295766,-0.003288477891457688,-0.0009527094815511789,0.00011254375314620788,0.0014248464504997712,0.003209960271772042,0.007171021853566196,0.0024,
801017,养殖业,30,371,-0.0028898642241803707,-0.0016508852023419335,-0.0004593914657665719,0.00038227230901521366,0.0010665058876172884,0.0018635244433794016,0.0034496238194358744,0.001485,
801017,养殖业,60,341,-0.0030190355299009593,-0.0011862005821809643,-0.0005550956531813785,-0.00013739298207313336,0.0001669130944090904,0.0015176891358908526,0.002211281887085566,0.001075,
801017,养殖业,90,311,-0.0025304861431131812,-0.0011441066830217956,-0.000720083329946518,-0.0005995767352347903,0.00013968624550358936,0.0008476063001192913,0.0017814127653295825,0.000871,
801017,养殖业,180,221,-0.001536012347648081,-0.001348567120777869,-0.000783075811690648,-0.0004961816700781579,-5.4363375562552765e-05,0.000702961333759046,0.0010759443234713683,0.000779,
801017,养殖业,360,41,-0.0004267171227595903,-0.00040259549430245216,-0.00037104600800687065,-0.0003376780617732484,-0.000301808739079509,-0.0002502162918256108,-0.00019053739989892122,0.000302,
801012,农产品加工,5,396,-0.007258637313368987,-0.003711135362825706,-0.0011195863811239548,0.00040160290464247457,0.0023614347133325627,0.004155642257387911,0.00854163918677527,0.003122,
801012,农产品加工,10,391,-0.00429931518687186,-0.001638932363258903,-0.00032824555777913637,0.0004363185401067088,0.001328218603481885,0.003003646474822608,0.005916923281691438,0.001786,
801012,农产品加工,30,371,-0.002839737728178922,-0.0011615101758716529,9.969919128402819e-05,0.0005224597856204816,0.0009107433365361443,0.001649356816925455,0.004668535949948128,0.001083,
801012,农产品加工,60,341,-0.00216389424136649,-0.0009495565221154509,0.00012759548003427938,0.0003682496508129903,0.0005953532897430621,0.0008382200654883668,0.002943225984804997,0.000734,
801012,农产品加工,90,311,-0.002348707390987916,-0.0006405860305098616,-7.642944305119399e-06,0.00029811037567924165,0.000546824089030382,0.0009286614779220697,0.002180367208747055,0.000638,
801012,农产品加工,180,221,-0.001242458846076752,-0.0007626144007023758,-8.831847683464019e-05,0.0004043687064674717,0.0009492598146438414,0.0012699045479091814,0.0014371462098706567,0.000972,
801012,农产品加工,360,41,0.0001446398844730796,0.0001502690373873061,0.0001618586337632257,0.00018407400823156262,0.00020791036547041934,0.0002562209876835579,0.00030751063892366115,0.000162,
801014,饲料,5,396,-0.00760776727545583,-0.003594486446812417,-0.0016955719849983731,-0.0007067443933383921,0.000932510410686154,0.0031545777122949747,0.007026893474186348,0.0026,
801014,饲料,10,391,-0.005960766927482685,-0.00228526330300972,-0.0009342020722729006,-6.56172534486998e-05,0.0007170093693045565,0.002336490372473126,0.00433016009602694,0.001706,
801014,饲料,30,371,-0.0035979650646455652,-0.0017587956766083712,-0.0007123996373438597,-0.0003478481239388073,0.00039259665902888875,0.0013006689976859654,0.002774256628977966,0.001119,
801014,饲料,60,341,-0.003110527534090445,-0.0016820448281354929,-0.001110423135010091,-0.0005432055688400385,-0.0001722952810559207,0.001124653830499667,0.001899135992738904,0.001252,
801014,饲料,90,311,-0.0027732898425372843,-0.0015669177160098219,-0.0011522596237291294,-0.0009243384703019724,-0.0003062872042476688,0.0005455609486590403,0.0013346817329472193,0.000953,
801014,饲料,180,221,-0.0019046504442019844,-0.0017959339327289416,-0.0012425251519652177,-0.0008083651127632838,-0.00047012907391554156,-0.00010082079039464195,0.0007189460270523576,0.000763,
801014,饲料,360,41,-0.0008657500823663853,-0.0008158700779009347,-0.0007639570908410525,-0.0007222824689805427,-0.0006789496860156979,-0.0006086551802616717,-0.0005415952375138661,0.000679,
801011,林业Ⅱ,5,167,-0.01766278349872788,-0.007667526757101341,-0.0038384354664384333,-0.0013562660534952946,0.0008440469713697831,0.005516639821476909,0.010969514456412408,0.005065,
801011,林业Ⅱ,10,162,-0.018739337460359735,-0.005471011931821966,-0.0017331139383261877,-0.0006747338080921378,0.0007447353615395763,0.003958952540609774,0.006458807800560245,0.003326,
801011,林业Ⅱ,30,142,-0.008869482512452662,-0.004638728675211059,-0.001984513289534532,-0.0006380935864999638,0.00022958527142183317,0.0013675771422532509,0.0026845642498384737,0.0017,
801011,林业Ⅱ,60,112,-0.004576024186631463,-0.0039029848198898556,-0.0030631563598414796,-0.002520760833118016,-0.0017706822535345625,-0.0007192976023301461,0.0004765495497800296,0.001771,
801011,林业Ⅱ,90,82,-0.003443051396928947,-0.0032840758731505423,-0.0031613723672347647,-0.003091143697652861,-0.002830705684336675,-0.002496473043478425,-0.0015601929143426868,0.002831,
801011,林业Ⅱ,180,0,,,,,,,,,样本不足(<30)
801011,林业Ⅱ,360,0,,,,,,,,,样本不足(<30)
801015,渔业,5,396,-0.011809230150933282,-0.0058351498668506455,-0.002059349362562444,0.0002555366189714162,0.002460982755754922,0.00597415992532023,0.011368692383765202,0.005078,
801015,渔业,10,391,-0.008287630820343183,-0.004346333178779193,-0.0012401196996937932,-1.5427932271370965e-05,0.0014695209101506944,0.0037641015852792163,0.007842589509486884,0.00306,
801015,渔业,30,371,-0.005097518306089734,-0.002123370557792422,-0.0007036131729685882,0.00021663934220052838,0.001020068112634955,0.0020553065103850006,0.005101408533345747,0.001809,
801015,渔业,60,341,-0.0032836835552103173,-0.001987857773129523,-0.00034193570249002977,-5.2303860002417394e-05,0.0004545422161426608,0.0017875846134604914,0.002765712001300115,0.001093,
801015,渔业,90,311,-0.003612313460002899,-0.0016453084722910182,-9.984404346462475e-05,0.00041010304794019764,0.0007501086604779942,0.0014390895068237468,0.0016517889929711883,0.001248,
801015,渔业,180,221,-0.002194894384780158,-0.0013349674228351088,-1.725351354475712e-05,0.00046274158045664317,0.0007507248126773475,0.0010653058024288013,0.001180064521853082,0.000975,
801015,渔业,360,41,-0.00021038353535079635,-0.00020250554408696826,-0.0001885363795555824,-0.0001575825714935363,-0.00012617294764435483,-7.450463061650657e-05,-1.7093363510459767e-05,0.000126,
801016,种植业,5,396,-0.009983764794818618,-0.004278138075278281,-0.0013043416480759847,0.0005824954549687186,0.002272885703928826,0.0046526031831533084,0.008740643536304146,0.003644,
801016,种植业,10,391,-0.006381582502123137,-0.0022303861648061,-0.0006318344212151412,0.0005337135888007711,0.0013128465693848699,0.0029851294339308895,0.00812538400290102,0.001915,
801016,种植业,30,371,-0.005060605506894673,-0.0010440122514896342,-3.545289863021333e-05,0.000448158376940817,0.0010764604228926898,0.0019525362632681178,0.0037386649387644963,0.001246,
801016,种植业,60,341,-0.003710606991145677,-0.0006179212531770186,0.0003027652539535081,0.0004807871695270207,0.0006788494479874082,0.0010685191022718245,0.0019303973869468504,0.00078,
801016,种植业,90,311,-0.003952046013127402,-0.00017574043264439554,0.00024844608449320956,0.0005895425376394735,0.0006451215037079974,0.0008461025831421276,0.0013331730175814723,0.000661,
801016,种植业,180,221,-0.0013758832027227707,-0.0002448481096742539,0.0005144845424356383,0.0005695959424387969,0.000691617511814084,0.0008570280781694251,0.0010269670566234043,0.000693,
801016,种植业,360,41,3.6379657309179984e-05,4.2548680332835146e-05,4.7894645093710396e-05,6.107854072022535e-05,8.135917427858705e-05,0.00012828026469424462,0.00017895001796986194,4.8e-05,
